original_party_name,party_code,doc_type,doc_no,doc_date,due_date,od_days,age_days,days_0_30,days_31_60,days_61_90,days_91_120,days_121_150,days_151_180,days_181_210,above_210,unallocated,balance,pdcamount,division,party_name,mask_division
First Abu Dhabi Bank PJSC(AP-F0070),AP-F0070,EJV20,1057,2024-12-31,2024-12-31,87.0,87,,,5400.94,,,,,,,5400.94,,div_0556003793,party_0618463295,div_2058489418
Al Sajid Mechanical Equipment Llc(AP-A0294),AP-A0294,LPI20,1073,2024-01-13,2024-05-12,320.0,440,,,,,,,,0.05,,0.05,,div_0556003793,party_1698622648,div_2058489418
Al Sajid Mechanical Equipment Llc(AP-A0294),AP-A0294,LPI20,1074,2024-01-13,2024-05-12,320.0,440,,,,,,,,0.02,,0.02,,div_0556003793,party_1698622648,div_2058489418
WAGDI NAZRI PAINTING AND PLASTERING WORKS(AP-W0028),AP-W0028,CPI20,1084,2024-08-29,2024-08-29,211.0,211,,,,,,,177.65,,,177.65,,div_0556003793,party_1923249459,div_2058489418
Tixe Srl(AP-T0046),AP-T0046,TRAV10,1101,2024-07-11,2024-07-11,260.0,260,,,,,,,,,-197103.7,-197103.7,,div_0556003793,party_0153181778,div_2058489418
MCJ Supplier - Cash(AP-M0095),AP-M0095,CPI20,1105,2024-11-28,2024-11-28,120.0,120,,,,60.0,,,,,,60.0,,div_0556003793,party_0420133784,div_2058489418
MCJ Supplier - Cash(AP-M0095),AP-M0095,CPI20,1111,2024-12-16,2024-12-16,102.0,102,,,,300.0,,,,,,300.0,,div_0556003793,party_0420133784,div_2058489418
carlos general contracting llc(AP-C0069),AP-C0069,CPI20,1114,2024-12-27,2024-12-27,91.0,91,,,4120.85,,,,,,,4120.85,,div_0556003793,party_0440678491,div_2058489418
Tixe Srl(AP-T0046),AP-T0046,EJV10,1140,2024-05-07,2024-05-07,325.0,325,,,,,,,,,-158560.0,-158560.0,,div_0556003793,party_0153181778,div_2058489418
The National Bank of Ras Al Khaimah (P.S.C)(AP-N0013),AP-N0013,PV20,1145,2024-03-01,2024-05-04,328.0,392,,,,,,,,,-0.39,-0.39,,div_0556003793,party_0141237887,div_2058489418
The National Bank of Ras Al Khaimah (P.S.C)(AP-N0013),AP-N0013,PV20,1147,2024-05-01,2024-05-01,331.0,331,,,,,,,,,-239.51,-239.51,,div_0556003793,party_0141237887,div_2058489418
National Bank Of Fujairah Pjsc N B f(AP-N0012),AP-N0012,RV20,1157,2024-02-16,2024-02-16,406.0,406,,,,,,,,,-1.05,-1.05,,div_0556003793,party_1692168247,div_2058489418
National Bank Of Fujairah Pjsc N B f(AP-N0012),AP-N0012,RV20,1158,2024-02-16,2024-02-21,401.0,406,,,,,,,,,-1.05,-1.05,,div_0556003793,party_1692168247,div_2058489418
Tixe Srl(AP-T0046),AP-T0046,JV20,1162,2024-03-26,2024-03-26,367.0,367,,,,,,,,,-100000.0,-100000.0,,div_0556003793,party_0153181778,div_2058489418
First Abu Dhabi Bank PJSC(AP-F0070),AP-F0070,PV20,1179,2024-05-22,2024-01-20,433.0,310,,,,,,,,,-53.55,-53.55,,div_0556003793,party_0618463295,div_2058489418
First Abu Dhabi Bank PJSC(AP-F0070),AP-F0070,PV20,1182,2024-05-22,2024-05-22,310.0,310,,,,,,,,,-10.5,-10.5,,div_0556003793,party_0618463295,div_2058489418
First Abu Dhabi Bank PJSC(AP-F0070),AP-F0070,PV20,1183,2024-05-22,2024-05-22,310.0,310,,,,,,,,,-10.5,-10.5,,div_0556003793,party_0618463295,div_2058489418
First Abu Dhabi Bank PJSC(AP-F0070),AP-F0070,PV20,1184,2024-05-22,2024-05-22,310.0,310,,,,,,,,,-10.5,-10.5,,div_0556003793,party_0618463295,div_2058489418
First Abu Dhabi Bank PJSC(AP-F0070),AP-F0070,PV20,1185,2024-05-22,2024-05-22,310.0,310,,,,,,,,,-10.5,-10.5,,div_0556003793,party_0618463295,div_2058489418
First Abu Dhabi Bank PJSC(AP-F0070),AP-F0070,PV20,1186,2024-05-22,2024-05-22,310.0,310,,,,,,,,,-10.5,-10.5,,div_0556003793,party_0618463295,div_2058489418
First Abu Dhabi Bank PJSC(AP-F0070),AP-F0070,PV20,1187,2024-05-22,2024-05-22,310.0,310,,,,,,,,,-10.5,-10.5,,div_0556003793,party_0618463295,div_2058489418
First Abu Dhabi Bank PJSC(AP-F0070),AP-F0070,PV20,1189,2024-05-24,2024-01-20,433.0,308,,,,,,,,,-53.55,-53.55,,div_0556003793,party_0618463295,div_2058489418
First Abu Dhabi Bank PJSC(AP-F0070),AP-F0070,PV20,1193,2024-05-27,2024-01-20,433.0,305,,,,,,,,,-53.55,-53.55,,div_0556003793,party_0618463295,div_2058489418
First Abu Dhabi Bank PJSC(AP-F0070),AP-F0070,PV20,1196,2024-05-28,2024-05-28,304.0,304,,,,,,,,,-210.0,-210.0,,div_0556003793,party_0618463295,div_2058489418
First Abu Dhabi Bank PJSC(AP-F0070),AP-F0070,PV20,1202,2024-05-30,2024-05-30,302.0,302,,,,,,,,,-210.0,-210.0,,div_0556003793,party_0618463295,div_2058489418
The National Bank of Ras Al Khaimah (P.S.C)(AP-N0013),AP-N0013,PV20,1213,2024-06-01,2024-06-01,300.0,300,,,,,,,,,-227.24,-227.24,,div_0556003793,party_0141237887,div_2058489418
First Abu Dhabi Bank PJSC(AP-F0070),AP-F0070,PV20,1223,2024-05-31,2024-06-13,288.0,301,,,,,,,,,-52.5,-52.5,,div_0556003793,party_0618463295,div_2058489418
The National Bank of Ras Al Khaimah (P.S.C)(AP-N0013),AP-N0013,PV20,1295,2024-07-01,2024-07-01,270.0,270,,,,,,,,,-214.9,-214.9,,div_0556003793,party_0141237887,div_2058489418
First Abu Dhabi Bank PJSC(AP-F0070),AP-F0070,TRAV20,13,2024-09-30,2024-10-30,149.0,179,,,,,,,,,-447.32,-447.32,,div_0556003793,party_0618463295,div_2058489418
ALHARAM ALAAI PAINTING & PLASTERING(AP-A0463),AP-A0463,LPI20,1301,2024-02-26,2024-02-26,396.0,396,,,,,,,,3200.0,,3200.0,,div_0556003793,party_1963137949,div_2058489418
Pickle Mumbai(AP-P0019),AP-P0019,EJV10,1307,2024-07-01,2024-07-01,270.0,270,,,,,,,,,-2907.0,-2907.0,,div_0556003793,party_0547714254,div_2058489418
Fujian Viking Industry Co. Ltd(AP-F0065),AP-F0065,EJV10,1308,2024-07-01,2024-07-01,270.0,270,,,,,,,,,-80000.0,-80000.0,,div_0556003793,party_1184468713,div_2058489418
First Abu Dhabi Bank PJSC(AP-F0070),AP-F0070,PV20,1312,2024-08-01,2024-08-02,238.0,239,,,,,,,,,-315.0,-315.0,,div_0556003793,party_0618463295,div_2058489418
First Abu Dhabi Bank PJSC(AP-F0070),AP-F0070,PV20,1323,2024-08-06,2024-08-06,234.0,234,,,,,,,,,-472.5,-472.5,,div_0556003793,party_0618463295,div_2058489418
First Abu Dhabi Bank PJSC(AP-F0070),AP-F0070,PV20,1324,2024-08-07,2024-01-20,433.0,233,,,,,,,,,-53.55,-53.55,,div_0556003793,party_0618463295,div_2058489418
First Abu Dhabi Bank PJSC(AP-F0070),AP-F0070,PV20,1327,2024-08-07,2024-08-07,233.0,233,,,,,,,,,-262.5,-262.5,,div_0556003793,party_0618463295,div_2058489418
First Abu Dhabi Bank PJSC(AP-F0070),AP-F0070,PV20,1329,2024-08-08,2024-01-20,433.0,232,,,,,,,,,-53.55,-53.55,,div_0556003793,party_0618463295,div_2058489418
The National Bank of Ras Al Khaimah (P.S.C)(AP-N0013),AP-N0013,PV20,1336,2024-08-01,2024-08-01,239.0,239,,,,,,,,,-202.25,-202.25,,div_0556003793,party_0141237887,div_2058489418
The National Bank of Ras Al Khaimah (P.S.C)(AP-N0013),AP-N0013,JV20,1336,2024-10-31,2024-10-31,148.0,148,,,,,,,,,-26.25,-26.25,,div_0556003793,party_0141237887,div_2058489418
First Abu Dhabi Bank PJSC(AP-F0070),AP-F0070,PV20,1340,2024-08-21,2024-07-01,270.0,219,,,,,,,,,-210.0,-210.0,,div_0556003793,party_0618463295,div_2058489418
First Abu Dhabi Bank PJSC(AP-F0070),AP-F0070,PV20,1348,2024-08-29,2024-06-29,272.0,211,,,,,,,,,-53.55,-53.55,,div_0556003793,party_0618463295,div_2058489418
First Abu Dhabi Bank PJSC(AP-F0070),AP-F0070,PV20,1351,2024-08-30,2024-07-30,241.0,210,,,,,,,,,-210.0,-210.0,,div_0556003793,party_0618463295,div_2058489418
First Abu Dhabi Bank PJSC(AP-F0070),AP-F0070,PV20,1355,2024-09-03,2024-01-20,433.0,206,,,,,,,,,-53.55,-53.55,,div_0556003793,party_0618463295,div_2058489418
First Abu Dhabi Bank PJSC(AP-F0070),AP-F0070,PV20,1356,2024-09-02,2024-08-02,238.0,207,,,,,,,,,-315.0,-315.0,,div_0556003793,party_0618463295,div_2058489418
The National Bank of Ras Al Khaimah (P.S.C)(AP-N0013),AP-N0013,PV20,1358,2024-09-02,2024-09-02,207.0,207,,,,,,,,,-189.51,-189.51,,div_0556003793,party_0141237887,div_2058489418
First Abu Dhabi Bank PJSC(AP-F0070),AP-F0070,PV20,1361,2024-09-09,2024-09-09,200.0,200,,,,,,,,,-53.55,-53.55,,div_0556003793,party_0618463295,div_2058489418
First Abu Dhabi Bank PJSC(AP-F0070),AP-F0070,PV20,1367,2024-09-12,2024-09-09,200.0,197,,,,,,,,,-53.55,-53.55,,div_0556003793,party_0618463295,div_2058489418
National Bank Of Fujairah Pjsc N B f(AP-N0012),AP-N0012,PV20,1376,2024-09-16,2024-09-18,191.0,193,,,,,,,,,-1102.5,-1102.5,,div_0556003793,party_1692168247,div_2058489418
First Abu Dhabi Bank PJSC(AP-F0070),AP-F0070,PV20,1394,2024-09-25,2024-09-25,184.0,184,,,,,,,,,-525.0,-525.0,,div_0556003793,party_0618463295,div_2058489418
First Abu Dhabi Bank PJSC(AP-F0070),AP-F0070,PV20,1399,2024-09-30,2024-09-09,200.0,179,,,,,,,,,-53.55,-53.55,,div_0556003793,party_0618463295,div_2058489418
First Abu Dhabi Bank PJSC(AP-F0070),AP-F0070,PV20,1400,2024-09-30,2024-07-30,241.0,179,,,,,,,,,-210.0,-210.0,,div_0556003793,party_0618463295,div_2058489418
First Abu Dhabi Bank PJSC(AP-F0070),AP-F0070,PV20,1405,2024-10-01,2024-08-02,238.0,178,,,,,,,,,-315.0,-315.0,,div_0556003793,party_0618463295,div_2058489418
First Abu Dhabi Bank PJSC(AP-F0070),AP-F0070,PV20,1406,2024-10-01,2024-08-07,233.0,178,,,,,,,,,-262.5,-262.5,,div_0556003793,party_0618463295,div_2058489418
The National Bank of Ras Al Khaimah (P.S.C)(AP-N0013),AP-N0013,PV20,1407,2024-10-01,2024-10-01,178.0,178,,,,,,,,,-176.57,-176.57,,div_0556003793,party_0141237887,div_2058489418
First Abu Dhabi Bank PJSC(AP-F0070),AP-F0070,PV20,1408,2024-10-02,2024-09-09,200.0,177,,,,,,,,,-53.55,-53.55,,div_0556003793,party_0618463295,div_2058489418
First Abu Dhabi Bank PJSC(AP-F0070),AP-F0070,PV20,1411,2024-10-08,2024-09-09,200.0,171,,,,,,,,,-53.55,-53.55,,div_0556003793,party_0618463295,div_2058489418
First Abu Dhabi Bank PJSC(AP-F0070),AP-F0070,PV20,1422,2024-10-14,2024-09-09,200.0,165,,,,,,,,,-53.55,-53.55,,div_0556003793,party_0618463295,div_2058489418
First Abu Dhabi Bank PJSC(AP-F0070),AP-F0070,PV20,1440,2024-10-23,2024-10-23,156.0,156,,,,,,,,,-53.55,-53.55,,div_0556003793,party_0618463295,div_2058489418
BMQ Technical Supplies Company - L.L.C(AP-B0041),AP-B0041,LPI20,1450,2024-01-06,2024-05-05,327.0,447,,,,,,,,19.95,,19.95,,div_0556003793,party_0081626157,div_2058489418
First Abu Dhabi Bank PJSC(AP-F0070),AP-F0070,PV20,1462,2024-10-30,2024-07-30,241.0,149,,,,,,,,,-210.0,-210.0,,div_0556003793,party_0618463295,div_2058489418
First Abu Dhabi Bank PJSC(AP-F0070),AP-F0070,PV20,1472,2024-11-01,2024-08-02,238.0,147,,,,,,,,,-315.0,-315.0,,div_0556003793,party_0618463295,div_2058489418
First Abu Dhabi Bank PJSC(AP-F0070),AP-F0070,PV20,1473,2024-11-01,2024-08-07,233.0,147,,,,,,,,,-262.5,-262.5,,div_0556003793,party_0618463295,div_2058489418
The National Bank of Ras Al Khaimah (P.S.C)(AP-N0013),AP-N0013,PV20,1476,2024-11-01,2024-11-01,147.0,147,,,,,,,,,-163.33,-163.33,,div_0556003793,party_0141237887,div_2058489418
First Abu Dhabi Bank PJSC(AP-F0070),AP-F0070,PV20,1509,2024-11-22,2024-05-28,304.0,126,,,,,,,,,-210.0,-210.0,,div_0556003793,party_0618463295,div_2058489418
First Abu Dhabi Bank PJSC(AP-F0070),AP-F0070,PV20,1526,2024-11-29,2024-11-29,119.0,119,,,,,,,,,-53.55,-53.55,,div_0556003793,party_0618463295,div_2058489418
Guangzhou Topman Paint Tools Limited(AP-G0078),AP-G0078,EJV10,1530,2024-11-01,2024-11-01,147.0,147,,,,,,,,,-20399.0,-20399.0,,div_0556003793,party_1754767233,div_2058489418
Guangzhou Topman Paint Tools Limited(AP-G0078),AP-G0078,EJV10,1531,2024-11-01,2024-11-01,147.0,147,,,,,,,,,-33842.5,-33842.5,,div_0556003793,party_1754767233,div_2058489418
National Bank Of Fujairah Pjsc N B f(AP-N0012),AP-N0012,RV20,1535,2024-09-28,2024-09-28,181.0,181,,,,,,,,,-1.05,-1.05,,div_0556003793,party_1692168247,div_2058489418
First Abu Dhabi Bank PJSC(AP-F0070),AP-F0070,PV20,1536,2024-11-30,2024-05-28,304.0,118,,,,,,,,,-210.0,-210.0,,div_0556003793,party_0618463295,div_2058489418
National Bank Of Fujairah Pjsc N B f(AP-N0012),AP-N0012,RV20,1538,2024-10-01,2024-10-01,178.0,178,,,,,,,,,-1.05,-1.05,,div_0556003793,party_1692168247,div_2058489418
First Abu Dhabi Bank PJSC(AP-F0070),AP-F0070,PV20,1543,2024-12-04,2024-08-02,238.0,114,,,,,,,,,-315.0,-315.0,,div_0556003793,party_0618463295,div_2058489418
First Abu Dhabi Bank PJSC(AP-F0070),AP-F0070,PV20,1544,2024-12-01,2024-08-07,233.0,117,,,,,,,,,-262.5,-262.5,,div_0556003793,party_0618463295,div_2058489418
The National Bank of Ras Al Khaimah (P.S.C)(AP-N0013),AP-N0013,PV20,1554,2024-12-04,2024-12-04,114.0,114,,,,,,,,,-149.96,-149.96,,div_0556003793,party_0141237887,div_2058489418
National Bank Of Fujairah Pjsc N B f(AP-N0012),AP-N0012,RV20,1555,2024-10-09,2024-10-09,170.0,170,,,,,,,,,-1.05,-1.05,,div_0556003793,party_1692168247,div_2058489418
National Bank Of Fujairah Pjsc N B f(AP-N0012),AP-N0012,RV20,1570,2024-10-21,2024-10-21,158.0,158,,,,,,,,,-1.05,-1.05,,div_0556003793,party_1692168247,div_2058489418
National Bank Of Fujairah Pjsc N B f(AP-N0012),AP-N0012,RV20,1593,2024-11-04,2024-11-04,144.0,144,,,,,,,,,-1.05,-1.05,,div_0556003793,party_1692168247,div_2058489418
First Abu Dhabi Bank PJSC(AP-F0070),AP-F0070,PV20,1603,2024-12-30,2024-05-28,304.0,88,,,,,,,,,-210.0,-210.0,,div_0556003793,party_0618463295,div_2058489418
National Bank Of Fujairah Pjsc N B f(AP-N0012),AP-N0012,RV20,1672,2024-12-25,2024-12-25,93.0,93,,,,,,,,,-1.05,-1.05,,div_0556003793,party_1692168247,div_2058489418
National Bank Of Fujairah Pjsc N B f(AP-N0012),AP-N0012,RV20,1677,2024-12-31,2024-12-31,87.0,87,,,,,,,,,-1.05,-1.05,,div_0556003793,party_1692168247,div_2058489418
BMQ Technical Supplies Company - L.L.C(AP-B0041),AP-B0041,LPI20,1894,2024-04-01,2024-07-30,241.0,361,,,,,,,,141.75,,141.75,,div_0556003793,party_0081626157,div_2058489418
National Bank Of Fujairah Pjsc N B f(AP-N0012),AP-N0012,TRAV20,19,2024-10-17,2024-10-17,162.0,162,,,,,,,,,-708.75,-708.75,,div_0556003793,party_1692168247,div_2058489418
National Bank Of Fujairah Pjsc N B f(AP-N0012),AP-N0012,TRAV20,20,2024-10-18,2024-10-18,161.0,161,,,,,,,,,-748.13,-748.13,,div_0556003793,party_1692168247,div_2058489418
First Abu Dhabi Bank PJSC(AP-F0070),AP-F0070,PV20,2500001,2025-01-02,2024-08-02,238.0,85,,,,,,,,,-315.0,-315.0,,div_0556003793,party_0618463295,div_2058489418
AL MANARAH TYPING(AP-A0598),AP-A0598,EJV20,2500003,2025-01-16,2025-01-16,71.0,71,,,580.0,,,,,,,580.0,,div_0556003793,party_0593789112,div_2058489418
Aarya Auto Repairs Llc(AP-A0012),AP-A0012,EJV20,2500017,2025-02-28,2025-02-28,28.0,28,157.5,,,,,,,,,157.5,,div_0556003793,party_0178853918,div_2058489418
al nimir al asfar(AP-A0529),AP-A0529,CPI20,2500018,2025-03-18,2025-05-17,-50.0,10,7920.0,,,,,,,,,7920.0,,div_0556003793,party_1128606369,div_2058489418
Aarya Auto Repairs Llc(AP-A0012),AP-A0012,EJV20,2500018,2025-02-28,2025-02-28,28.0,28,168.0,,,,,,,,,168.0,,div_0556003793,party_0178853918,div_2058489418
Red Hat Auto Repair Workshop(AP-R0027),AP-R0027,EJV20,2500019,2025-02-05,2025-02-05,51.0,51,,1113.0,,,,,,,,1113.0,,div_0556003793,party_1568360011,div_2058489418
Red Hat Auto Repair Workshop(AP-R0027),AP-R0027,EJV20,2500020,2025-02-05,2025-02-05,51.0,51,,304.5,,,,,,,,304.5,,div_0556003793,party_1568360011,div_2058489418
Fire Man Safety Services - Sole Proprietorship L.L.C.(AP-F0029),AP-F0029,EJV20,2500021,2025-03-04,2025-03-04,24.0,24,603.75,,,,,,,,,603.75,,div_0556003793,party_1470079357,div_2058489418
DUBAI NATIONAL INSURANCE & REINSURANCE CO. (P.S.C)(AP-D0067),AP-D0067,EJV20,2500022,2025-03-04,2025-03-04,24.0,24,1186.5,,,,,,,,,1186.5,,div_0556003793,party_0147526165,div_2058489418
Jotun Abu Dhabi (L.L.C)- P C(AP-J0015),AP-J0015,LPI20,2500024,2025-01-23,2025-03-24,4.0,64,,3453.03,,,,,,,,3453.03,,div_0556003793,party_1087986705,div_2058489418
National Bank Of Fujairah Pjsc N B f(AP-N0012),AP-N0012,PV20,2500025,2025-01-21,2025-01-22,65.0,66,,,,,,,,,-1.05,-1.05,,div_0556003793,party_1692168247,div_2058489418
Jotun Abu Dhabi L.L.C.(AP-J0016),AP-J0016,LPI20,2500025,2025-01-23,2025-03-24,4.0,64,,2016.0,,,,,,,,2016.0,,div_0556003793,party_0309653914,div_2058489418
First Abu Dhabi Bank PJSC(AP-F0070),AP-F0070,PV20,2500026,2025-01-01,2024-08-07,233.0,86,,,,,,,,,-262.5,-262.5,,div_0556003793,party_0618463295,div_2058489418
Jotun Abu Dhabi (L.L.C)- P C(AP-J0015),AP-J0015,LPI20,2500026,2025-01-23,2025-03-24,4.0,64,,17955.0,,,,,,,,17955.0,,div_0556003793,party_1087986705,div_2058489418
Jotun Abu Dhabi (L.L.C)- P C(AP-J0015),AP-J0015,LPI20,2500027,2025-01-24,2025-03-25,3.0,63,,29450.42,,,,,,,,29450.42,,div_0556003793,party_1087986705,div_2058489418
Fireman Safety Services Sole Proprietorship LLC(AP-F0074),AP-F0074,EJV20,2500028,2025-03-20,2025-03-20,8.0,8,352.8,,,,,,,,,352.8,,div_0556003793,party_1557006023,div_2058489418
Jotun Abu Dhabi (L.L.C)- P C(AP-J0015),AP-J0015,LPI20,2500028,2025-01-27,2025-03-28,,60,,3282.28,,,,,,,,3282.28,,div_0556003793,party_1087986705,div_2058489418
Jotun Abu Dhabi (L.L.C)- P C(AP-J0015),AP-J0015,LPI20,2500029,2025-01-27,2025-03-28,,60,,6615.0,,,,,,,,6615.0,,div_0556003793,party_1087986705,div_2058489418
First Abu Dhabi Bank PJSC(AP-F0070),AP-F0070,EJV20,2500029,2025-02-28,2025-02-28,28.0,28,4717.13,,,,,,,,,4717.13,,div_0556003793,party_0618463295,div_2058489418
Jotun Abu Dhabi (L.L.C)- P C(AP-J0015),AP-J0015,LPI20,2500030,2025-01-27,2025-03-28,,60,,14437.4,,,,,,,,14437.4,,div_0556003793,party_1087986705,div_2058489418
Al Sajid Mechanical Equipment Llc(AP-A0294),AP-A0294,PV20,2500031,2025-01-24,2025-01-24,63.0,63,,,,,,,,,-471.0,-471.0,,div_0556003793,party_1698622648,div_2058489418
Jotun Abu Dhabi (L.L.C)- P C(AP-J0015),AP-J0015,LPI20,2500031,2025-01-27,2025-03-28,,60,,12434.1,,,,,,,,12434.1,,div_0556003793,party_1087986705,div_2058489418
Jotun Abu Dhabi (L.L.C)- P C(AP-J0015),AP-J0015,LPI20,2500032,2025-01-27,2025-03-28,,60,,5249.51,,,,,,,,5249.51,,div_0556003793,party_1087986705,div_2058489418
Jotun Abu Dhabi (L.L.C)- P C(AP-J0015),AP-J0015,LPI20,2500033,2025-01-16,2025-03-17,11.0,71,,,9828.0,,,,,,,9828.0,,div_0556003793,party_1087986705,div_2058489418
National Bank Of Fujairah Pjsc N B f(AP-N0012),AP-N0012,RV20,2500033,2025-01-23,2025-01-23,64.0,64,,,,,,,,,-1.05,-1.05,,div_0556003793,party_1692168247,div_2058489418
Jotun Abu Dhabi (L.L.C)- P C(AP-J0015),AP-J0015,LPI20,2500034,2025-01-18,2025-03-19,9.0,69,,,6496.47,,,,,,,6496.47,,div_0556003793,party_1087986705,div_2058489418
Jotun Abu Dhabi (L.L.C)- P C(AP-J0015),AP-J0015,LPI20,2500035,2025-01-18,2025-03-19,9.0,69,,,15120.0,,,,,,,15120.0,,div_0556003793,party_1087986705,div_2058489418
Jotun Abu Dhabi (L.L.C)- P C(AP-J0015),AP-J0015,LPI20,2500036,2025-01-18,2025-03-19,9.0,69,,,26059.26,,,,,,,26059.26,,div_0556003793,party_1087986705,div_2058489418
National Bank Of Fujairah Pjsc N B f(AP-N0012),AP-N0012,PV20,2500037,2025-01-25,2025-01-22,65.0,62,,,,,,,,,-1.05,-1.05,,div_0556003793,party_1692168247,div_2058489418
Jotun Abu Dhabi (L.L.C)- P C(AP-J0015),AP-J0015,LPI20,2500037,2025-01-18,2025-03-19,9.0,69,,,3783.78,,,,,,,3783.78,,div_0556003793,party_1087986705,div_2058489418
Jotun Abu Dhabi (L.L.C)- P C(AP-J0015),AP-J0015,LPI20,2500038,2025-01-18,2025-03-19,9.0,69,,,5579.28,,,,,,,5579.28,,div_0556003793,party_1087986705,div_2058489418
Jotun Abu Dhabi (L.L.C)- P C(AP-J0015),AP-J0015,LPI20,2500039,2025-01-18,2025-03-19,9.0,69,,,535.5,,,,,,,535.5,,div_0556003793,party_1087986705,div_2058489418
Jotun Abu Dhabi (L.L.C)- P C(AP-J0015),AP-J0015,LPI20,2500040,2025-01-23,2025-03-24,4.0,64,,14742.0,,,,,,,,14742.0,,div_0556003793,party_1087986705,div_2058489418
Jotun Abu Dhabi (L.L.C)- P C(AP-J0015),AP-J0015,LPI20,2500041,2025-01-23,2025-03-24,4.0,64,,4599.0,,,,,,,,4599.0,,div_0556003793,party_1087986705,div_2058489418
First Abu Dhabi Bank PJSC(AP-F0070),AP-F0070,PV20,2500042,2025-01-30,2025-01-30,57.0,57,,,,,,,,,-26.25,-26.25,,div_0556003793,party_0618463295,div_2058489418
National Bank Of Fujairah Pjsc N B f(AP-N0012),AP-N0012,PV20,2500042,2025-01-30,2025-02-02,54.0,57,,,,,,,,,-1.05,-1.05,,div_0556003793,party_1692168247,div_2058489418
Jotun Abu Dhabi (L.L.C)- P C(AP-J0015),AP-J0015,LPI20,2500042,2025-01-23,2025-03-24,4.0,64,,23950.08,,,,,,,,23950.08,,div_0556003793,party_1087986705,div_2058489418
Jotun Abu Dhabi (L.L.C)- P C(AP-J0015),AP-J0015,LPI20,2500043,2025-01-24,2025-03-25,3.0,63,,15120.0,,,,,,,,15120.0,,div_0556003793,party_1087986705,div_2058489418
First Abu Dhabi Bank PJSC(AP-F0070),AP-F0070,PV20,2500044,2025-01-31,2025-02-02,54.0,56,,,,,,,,,-26.25,-26.25,,div_0556003793,party_0618463295,div_2058489418
Jotun Abu Dhabi (L.L.C)- P C(AP-J0015),AP-J0015,LPI20,2500044,2025-01-24,2025-03-25,3.0,63,,29937.6,,,,,,,,29937.6,,div_0556003793,party_1087986705,div_2058489418
National Bank Of Fujairah Pjsc N B f(AP-N0012),AP-N0012,PV20,2500047,2025-01-27,2025-01-22,65.0,60,,,,,,,,,-1.05,-1.05,,div_0556003793,party_1692168247,div_2058489418
First Abu Dhabi Bank PJSC(AP-F0070),AP-F0070,PV20,2500048,2025-01-28,2025-02-06,50.0,59,,,,,,,,,-400.0,-400.0,,div_0556003793,party_0618463295,div_2058489418
First Abu Dhabi Bank PJSC(AP-F0070),AP-F0070,PV20,2500049,2025-01-30,2024-05-28,304.0,57,,,,,,,,,-210.0,-210.0,,div_0556003793,party_0618463295,div_2058489418
Jotun Abu Dhabi (L.L.C)- P C(AP-J0015),AP-J0015,LPI20,2500049,2025-01-19,2025-03-20,8.0,68,,,30587.82,,,,,,,30587.82,,div_0556003793,party_1087986705,div_2058489418
First Abu Dhabi Bank PJSC(AP-F0070),AP-F0070,PV20,2500050,2025-02-01,2024-08-02,238.0,55,,,,,,,,,-315.0,-315.0,,div_0556003793,party_0618463295,div_2058489418
Jotun Abu Dhabi (L.L.C)- P C(AP-J0015),AP-J0015,LPI20,2500050,2025-01-19,2025-03-20,8.0,68,,,19991.4,,,,,,,19991.4,,div_0556003793,party_1087986705,div_2058489418
First Abu Dhabi Bank PJSC(AP-F0070),AP-F0070,PV20,2500051,2025-02-01,2024-08-07,233.0,55,,,,,,,,,-262.5,-262.5,,div_0556003793,party_0618463295,div_2058489418
Jotun Abu Dhabi (L.L.C)- P C(AP-J0015),AP-J0015,LPI20,2500051,2025-01-15,2025-03-16,12.0,72,,,13846.14,,,,,,,13846.14,,div_0556003793,party_1087986705,div_2058489418
Jotun Abu Dhabi (L.L.C)- P C(AP-J0015),AP-J0015,LPI20,2500052,2025-01-13,2025-03-14,14.0,74,,,588.0,,,,,,,588.0,,div_0556003793,party_1087986705,div_2058489418
Jotun Abu Dhabi (L.L.C)- P C(AP-J0015),AP-J0015,LPI20,2500053,2025-01-13,2025-03-14,14.0,74,,,6300.0,,,,,,,6300.0,,div_0556003793,party_1087986705,div_2058489418
National Bank Of Fujairah Pjsc N B f(AP-N0012),AP-N0012,PV20,2500053,2025-02-07,2025-02-02,54.0,49,,,,,,,,,-1.05,-1.05,,div_0556003793,party_1692168247,div_2058489418
First Abu Dhabi Bank PJSC(AP-F0070),AP-F0070,PV20,2500053,2025-02-07,2025-01-30,57.0,49,,,,,,,,,-26.25,-26.25,,div_0556003793,party_0618463295,div_2058489418
Jotun Abu Dhabi (L.L.C)- P C(AP-J0015),AP-J0015,LPI20,2500054,2025-01-22,2025-03-23,5.0,65,,3407.13,,,,,,,,3407.13,,div_0556003793,party_1087986705,div_2058489418
The National Bank of Ras Al Khaimah (P.S.C)(AP-N0013),AP-N0013,PV20,2500055,2025-01-02,2025-01-02,85.0,85,,,,,,,,,-136.31,-136.31,,div_0556003793,party_0141237887,div_2058489418
Jotun Abu Dhabi (L.L.C)- P C(AP-J0015),AP-J0015,LPI20,2500055,2025-01-22,2025-03-23,5.0,65,,6573.66,,,,,,,,6573.66,,div_0556003793,party_1087986705,div_2058489418
The National Bank of Ras Al Khaimah (P.S.C)(AP-N0013),AP-N0013,PV20,2500056,2025-02-01,2025-02-01,55.0,55,,,,,,,,,-122.52,-122.52,,div_0556003793,party_0141237887,div_2058489418
Jotun Abu Dhabi (L.L.C)- P C(AP-J0015),AP-J0015,LPI20,2500056,2025-01-22,2025-03-23,5.0,65,,1238.96,,,,,,,,1238.96,,div_0556003793,party_1087986705,div_2058489418
Jotun Abu Dhabi (L.L.C)- P C(AP-J0015),AP-J0015,LPI20,2500057,2025-01-22,2025-03-23,5.0,65,,22922.08,,,,,,,,22922.08,,div_0556003793,party_1087986705,div_2058489418
Jotun Abu Dhabi (L.L.C)- P C(AP-J0015),AP-J0015,LPI20,2500058,2025-01-21,2025-03-22,6.0,66,,9223.2,,,,,,,,9223.2,,div_0556003793,party_1087986705,div_2058489418
Jotun Abu Dhabi (L.L.C)- P C(AP-J0015),AP-J0015,LPI20,2500059,2025-01-17,2025-03-18,10.0,70,,,16632.0,,,,,,,16632.0,,div_0556003793,party_1087986705,div_2058489418
Jotun Abu Dhabi (L.L.C)- P C(AP-J0015),AP-J0015,LPI20,2500060,2025-01-17,2025-03-18,10.0,70,,,17714.03,,,,,,,17714.03,,div_0556003793,party_1087986705,div_2058489418
Jotun Abu Dhabi (L.L.C)- P C(AP-J0015),AP-J0015,LPI20,2500061,2025-01-16,2025-03-17,11.0,71,,,2410.28,,,,,,,2410.28,,div_0556003793,party_1087986705,div_2058489418
Jotun Abu Dhabi (L.L.C)- P C(AP-J0015),AP-J0015,LPI20,2500062,2025-01-09,2025-03-10,18.0,78,,,13863.53,,,,,,,13863.53,,div_0556003793,party_1087986705,div_2058489418
Jotun Abu Dhabi (L.L.C)- P C(AP-J0015),AP-J0015,LPI20,2500063,2025-01-10,2025-03-11,17.0,77,,,14371.88,,,,,,,14371.88,,div_0556003793,party_1087986705,div_2058489418
Jotun Abu Dhabi (L.L.C)- P C(AP-J0015),AP-J0015,LPI20,2500064,2025-01-07,2025-03-08,20.0,80,,,441.0,,,,,,,441.0,,div_0556003793,party_1087986705,div_2058489418
Jotun Abu Dhabi (L.L.C)- P C(AP-J0015),AP-J0015,LPI20,2500065,2025-01-07,2025-03-08,20.0,80,,,13876.63,,,,,,,13876.63,,div_0556003793,party_1087986705,div_2058489418
Jotun Abu Dhabi (L.L.C)- P C(AP-J0015),AP-J0015,LPI20,2500066,2025-01-07,2025-03-08,20.0,80,,,3614.11,,,,,,,3614.11,,div_0556003793,party_1087986705,div_2058489418
First Abu Dhabi Bank PJSC(AP-F0070),AP-F0070,PV20,2500067,2025-02-18,2025-01-30,57.0,38,,,,,,,,,-26.25,-26.25,,div_0556003793,party_0618463295,div_2058489418
National Bank Of Fujairah Pjsc N B f(AP-N0012),AP-N0012,PV20,2500067,2025-02-18,2025-02-02,54.0,38,,,,,,,,,-1.05,-1.05,,div_0556003793,party_1692168247,div_2058489418
First Abu Dhabi Bank PJSC(AP-F0070),AP-F0070,PV20,2500069,2025-02-21,2025-01-30,57.0,35,,,,,,,,,-26.25,-26.25,,div_0556003793,party_0618463295,div_2058489418
National Bank Of Fujairah Pjsc N B f(AP-N0012),AP-N0012,PV20,2500069,2025-02-21,2025-02-02,54.0,35,,,,,,,,,-1.05,-1.05,,div_0556003793,party_1692168247,div_2058489418
Jotun Abu Dhabi (L.L.C)- P C(AP-J0015),AP-J0015,LPI20,2500070,2025-01-11,2025-03-12,16.0,76,,,26824.88,,,,,,,26824.88,,div_0556003793,party_1087986705,div_2058489418
Jotun Abu Dhabi (L.L.C)- P C(AP-J0015),AP-J0015,LPI20,2500071,2025-01-21,2025-03-22,6.0,66,,29450.42,,,,,,,,29450.42,,div_0556003793,party_1087986705,div_2058489418
Jotun Abu Dhabi (L.L.C)- P C(AP-J0015),AP-J0015,LPI20,2500072,2025-01-21,2025-03-22,6.0,66,,21432.6,,,,,,,,21432.6,,div_0556003793,party_1087986705,div_2058489418
Jotun Abu Dhabi (L.L.C)- P C(AP-J0015),AP-J0015,LPI20,2500073,2025-01-08,2025-03-09,19.0,79,,,2310.0,,,,,,,2310.0,,div_0556003793,party_1087986705,div_2058489418
National Bank Of Fujairah Pjsc N B f(AP-N0012),AP-N0012,RV20,2500079,2025-02-20,2025-02-20,36.0,36,,,,,,,,,-1.05,-1.05,,div_0556003793,party_1692168247,div_2058489418
Jotun Abu Dhabi (L.L.C)- P C(AP-J0015),AP-J0015,LPI20,2500082,2025-01-08,2025-03-09,19.0,79,,,690.91,,,,,,,690.91,,div_0556003793,party_1087986705,div_2058489418
Jotun Abu Dhabi (L.L.C)- P C(AP-J0015),AP-J0015,LPI20,2500083,2025-01-07,2025-03-08,20.0,80,,,18302.25,,,,,,,18302.25,,div_0556003793,party_1087986705,div_2058489418
Jotun Abu Dhabi (L.L.C)- P C(AP-J0015),AP-J0015,LPI20,2500084,2025-01-28,2025-03-29,-1.0,59,,25175.52,,,,,,,,25175.52,,div_0556003793,party_1087986705,div_2058489418
Jotun Abu Dhabi (L.L.C)- P C(AP-J0015),AP-J0015,LPI20,2500085,2025-01-18,2025-03-19,9.0,69,,,1871.1,,,,,,,1871.1,,div_0556003793,party_1087986705,div_2058489418
First Abu Dhabi Bank PJSC(AP-F0070),AP-F0070,PV20,2500085,2025-02-28,2025-01-30,57.0,28,,,,,,,,,-26.25,-26.25,,div_0556003793,party_0618463295,div_2058489418
National Bank Of Fujairah Pjsc N B f(AP-N0012),AP-N0012,PV20,2500085,2025-02-28,2025-02-02,54.0,28,,,,,,,,,-1.05,-1.05,,div_0556003793,party_1692168247,div_2058489418
Jotun Abu Dhabi (L.L.C)- P C(AP-J0015),AP-J0015,LPI20,2500086,2025-01-18,2025-03-19,9.0,69,,,45802.18,,,,,,,45802.18,,div_0556003793,party_1087986705,div_2058489418
First Abu Dhabi Bank PJSC(AP-F0070),AP-F0070,PV20,2500086,2025-02-28,2025-01-30,57.0,28,,,,,,,,,-26.25,-26.25,,div_0556003793,party_0618463295,div_2058489418
Jotun Abu Dhabi (L.L.C)- P C(AP-J0015),AP-J0015,LPI20,2500087,2025-01-18,2025-03-19,9.0,69,,,45444.82,,,,,,,45444.82,,div_0556003793,party_1087986705,div_2058489418
First Abu Dhabi Bank PJSC(AP-F0070),AP-F0070,PV20,2500087,2025-02-28,2024-05-28,304.0,28,,,,,,,,,-210.0,-210.0,,div_0556003793,party_0618463295,div_2058489418
Jotun Abu Dhabi (L.L.C)- P C(AP-J0015),AP-J0015,LPI20,2500088,2025-01-23,2025-03-24,4.0,64,,19941.6,,,,,,,,19941.6,,div_0556003793,party_1087986705,div_2058489418
National Bank Of Fujairah Pjsc N B f(AP-N0012),AP-N0012,PV20,2500088,2025-02-28,2025-01-22,65.0,28,,,,,,,,,-1.05,-1.05,,div_0556003793,party_1692168247,div_2058489418
Jotun Abu Dhabi (L.L.C)- P C(AP-J0015),AP-J0015,LPI20,2500089,2025-01-14,2025-03-15,13.0,73,,,4147.5,,,,,,,4147.5,,div_0556003793,party_1087986705,div_2058489418
National Bank Of Fujairah Pjsc N B f(AP-N0012),AP-N0012,RV20,2500089,2025-02-28,2025-02-28,28.0,28,,,,,,,,,-1.05,-1.05,,div_0556003793,party_1692168247,div_2058489418
Jotun Abu Dhabi (L.L.C)- P C(AP-J0015),AP-J0015,LPI20,2500090,2025-01-21,2025-03-22,6.0,66,,7033.45,,,,,,,,7033.45,,div_0556003793,party_1087986705,div_2058489418
Jotun Abu Dhabi (L.L.C)- P C(AP-J0015),AP-J0015,LPI20,2500091,2025-01-22,2025-03-23,5.0,65,,4838.4,,,,,,,,4838.4,,div_0556003793,party_1087986705,div_2058489418
Jotun Abu Dhabi (L.L.C)- P C(AP-J0015),AP-J0015,LPI20,2500092,2025-01-22,2025-03-23,5.0,65,,12647.26,,,,,,,,12647.26,,div_0556003793,party_1087986705,div_2058489418
First Abu Dhabi Bank PJSC(AP-F0070),AP-F0070,PV20,2500092,2025-03-01,2024-08-07,233.0,27,,,,,,,,,-262.5,-262.5,,div_0556003793,party_0618463295,div_2058489418
Jotun Abu Dhabi (L.L.C)- P C(AP-J0015),AP-J0015,LPI20,2500093,2025-01-21,2025-03-22,6.0,66,,10395.0,,,,,,,,10395.0,,div_0556003793,party_1087986705,div_2058489418
First Abu Dhabi Bank PJSC(AP-F0070),AP-F0070,PV20,2500093,2025-03-01,2024-08-02,238.0,27,,,,,,,,,-315.0,-315.0,,div_0556003793,party_0618463295,div_2058489418
Jotun Abu Dhabi (L.L.C)- P C(AP-J0015),AP-J0015,LPI20,2500094,2025-01-13,2025-03-14,14.0,74,,,2362.5,,,,,,,2362.5,,div_0556003793,party_1087986705,div_2058489418
First Abu Dhabi Bank PJSC(AP-F0070),AP-F0070,PV20,2500094,2025-03-04,2025-01-30,57.0,24,,,,,,,,,-26.25,-26.25,,div_0556003793,party_0618463295,div_2058489418
National Bank Of Fujairah Pjsc N B f(AP-N0012),AP-N0012,PV20,2500094,2025-03-04,2025-02-02,54.0,24,,,,,,,,,-1.05,-1.05,,div_0556003793,party_1692168247,div_2058489418
Jotun Abu Dhabi (L.L.C)- P C(AP-J0015),AP-J0015,LPI20,2500095,2025-01-13,2025-03-14,14.0,74,,,2646.0,,,,,,,2646.0,,div_0556003793,party_1087986705,div_2058489418
Jotun Abu Dhabi (L.L.C)- P C(AP-J0015),AP-J0015,LPI20,2500096,2025-01-13,2025-03-14,14.0,74,,,1726.52,,,,,,,1726.52,,div_0556003793,party_1087986705,div_2058489418
First Abu Dhabi Bank PJSC(AP-F0070),AP-F0070,PV20,2500096,2025-02-26,2024-08-02,238.0,30,,,,,,,,,-400.0,-400.0,,div_0556003793,party_0618463295,div_2058489418
Jotun Abu Dhabi (L.L.C)- P C(AP-J0015),AP-J0015,LPI20,2500097,2025-01-13,2025-03-14,14.0,74,,,1555.31,,,,,,,1555.31,,div_0556003793,party_1087986705,div_2058489418
Jotun Abu Dhabi (L.L.C)- P C(AP-J0015),AP-J0015,LPI20,2500098,2025-01-13,2025-03-14,14.0,74,,,11340.0,,,,,,,11340.0,,div_0556003793,party_1087986705,div_2058489418
Jotun Abu Dhabi (L.L.C)- P C(AP-J0015),AP-J0015,LPI20,2500099,2025-01-11,2025-03-12,16.0,76,,,1627.45,,,,,,,1627.45,,div_0556003793,party_1087986705,div_2058489418
Jotun Abu Dhabi (L.L.C)- P C(AP-J0015),AP-J0015,LPI20,2500100,2025-01-11,2025-03-12,16.0,76,,,30712.54,,,,,,,30712.54,,div_0556003793,party_1087986705,div_2058489418
Jotun Abu Dhabi (L.L.C)- P C(AP-J0015),AP-J0015,LPI20,2500101,2025-01-13,2025-03-14,14.0,74,,,21955.5,,,,,,,21955.5,,div_0556003793,party_1087986705,div_2058489418
National Bank Of Fujairah Pjsc N B f(AP-N0012),AP-N0012,PV20,2500101,2025-03-07,2025-01-22,65.0,21,,,,,,,,,-1.05,-1.05,,div_0556003793,party_1692168247,div_2058489418
Jotun Abu Dhabi (L.L.C)- P C(AP-J0015),AP-J0015,LPI20,2500102,2025-01-10,2025-03-11,17.0,77,,,6426.0,,,,,,,6426.0,,div_0556003793,party_1087986705,div_2058489418
Pickle Mumbai(AP-P0019),AP-P0019,EJV10,2500102,2025-03-03,2025-03-03,25.0,25,,,,,,,,,-2505.5,-2505.5,,div_0556003793,party_0547714254,div_2058489418
Jotun Abu Dhabi (L.L.C)- P C(AP-J0015),AP-J0015,LPI20,2500103,2025-01-08,2025-03-09,19.0,79,,,24192.0,,,,,,,24192.0,,div_0556003793,party_1087986705,div_2058489418
Jotun Abu Dhabi (L.L.C)- P C(AP-J0015),AP-J0015,LPI20,2500104,2025-01-08,2025-03-09,19.0,79,,,4620.0,,,,,,,4620.0,,div_0556003793,party_1087986705,div_2058489418
Jotun Abu Dhabi (L.L.C)- P C(AP-J0015),AP-J0015,LPI20,2500105,2025-01-08,2025-03-09,19.0,79,,,3591.0,,,,,,,3591.0,,div_0556003793,party_1087986705,div_2058489418
Jotun Abu Dhabi (L.L.C)- P C(AP-J0015),AP-J0015,LPI20,2500106,2025-01-15,2025-03-16,12.0,72,,,57246.84,,,,,,,57246.84,,div_0556003793,party_1087986705,div_2058489418
First Abu Dhabi Bank PJSC(AP-F0070),AP-F0070,PV20,2500106,2025-03-12,2024-05-28,304.0,16,,,,,,,,,-210.0,-210.0,,div_0556003793,party_0618463295,div_2058489418
Jotun Abu Dhabi (L.L.C)- P C(AP-J0015),AP-J0015,LPI20,2500108,2025-01-24,2025-03-25,3.0,63,,9837.83,,,,,,,,9837.83,,div_0556003793,party_1087986705,div_2058489418
Jotun Abu Dhabi (L.L.C)- P C(AP-J0015),AP-J0015,LPI20,2500109,2025-01-24,2025-03-25,3.0,63,,4615.59,,,,,,,,4615.59,,div_0556003793,party_1087986705,div_2058489418
Jotun Abu Dhabi (L.L.C)- P C(AP-J0015),AP-J0015,LPI20,2500110,2025-01-24,2025-03-25,3.0,63,,9702.0,,,,,,,,9702.0,,div_0556003793,party_1087986705,div_2058489418
Jotun Abu Dhabi (L.L.C)- P C(AP-J0015),AP-J0015,LPI20,2500111,2025-01-25,2025-03-26,2.0,62,,10395.0,,,,,,,,10395.0,,div_0556003793,party_1087986705,div_2058489418
Jotun Abu Dhabi (L.L.C)- P C(AP-J0015),AP-J0015,LPI20,2500112,2025-01-25,2025-03-26,2.0,62,,4422.6,,,,,,,,4422.6,,div_0556003793,party_1087986705,div_2058489418
Jotun Abu Dhabi (L.L.C)- P C(AP-J0015),AP-J0015,LPI20,2500114,2025-01-25,2025-03-26,2.0,62,,26361.76,,,,,,,,26361.76,,div_0556003793,party_1087986705,div_2058489418
Jotun Abu Dhabi (L.L.C)- P C(AP-J0015),AP-J0015,LPI20,2500115,2025-01-23,2025-03-24,4.0,64,,12207.3,,,,,,,,12207.3,,div_0556003793,party_1087986705,div_2058489418
Jotun Abu Dhabi (L.L.C)- P C(AP-J0015),AP-J0015,LPI20,2500116,2025-01-23,2025-03-24,4.0,64,,9828.0,,,,,,,,9828.0,,div_0556003793,party_1087986705,div_2058489418
First Abu Dhabi Bank PJSC(AP-F0070),AP-F0070,PV20,2500117,2025-03-18,2025-01-30,57.0,10,,,,,,,,,-26.25,-26.25,,div_0556003793,party_0618463295,div_2058489418
National Bank Of Fujairah Pjsc N B f(AP-N0012),AP-N0012,PV20,2500117,2025-03-18,2025-02-02,54.0,10,,,,,,,,,-1.05,-1.05,,div_0556003793,party_1692168247,div_2058489418
National Bank Of Fujairah Pjsc N B f(AP-N0012),AP-N0012,PV20,2500118,2025-03-20,2025-01-22,65.0,8,,,,,,,,,-1.05,-1.05,,div_0556003793,party_1692168247,div_2058489418
Jotun Abu Dhabi (L.L.C)- P C(AP-J0015),AP-J0015,LPI20,2500118,2025-01-23,2025-03-24,4.0,64,,1294.66,,,,,,,,1294.66,,div_0556003793,party_1087986705,div_2058489418
Jotun Abu Dhabi (L.L.C)- P C(AP-J0015),AP-J0015,LPI20,2500119,2025-01-23,2025-03-24,4.0,64,,39732.73,,,,,,,,39732.73,,div_0556003793,party_1087986705,div_2058489418
National Bank Of Fujairah Pjsc N B f(AP-N0012),AP-N0012,RV20,2500120,2025-03-20,2025-03-20,8.0,8,,,,,,,,,-1.05,-1.05,,div_0556003793,party_1692168247,div_2058489418
Jotun Abu Dhabi (L.L.C)- P C(AP-J0015),AP-J0015,LPI20,2500120,2025-01-23,2025-03-24,4.0,64,,16490.63,,,,,,,,16490.63,,div_0556003793,party_1087986705,div_2058489418
Jotun Abu Dhabi (L.L.C)- P C(AP-J0015),AP-J0015,LPI20,2500121,2025-01-27,2025-03-28,,60,,15788.5,,,,,,,,15788.5,,div_0556003793,party_1087986705,div_2058489418
Jotun Abu Dhabi L.L.C.(AP-J0016),AP-J0016,LPI20,2500122,2025-01-23,2025-03-24,4.0,64,,14055.3,,,,,,,,14055.3,,div_0556003793,party_0309653914,div_2058489418
Jotun Abu Dhabi L.L.C.(AP-J0016),AP-J0016,LPI20,2500123,2025-01-23,2025-03-24,4.0,64,,10332.0,,,,,,,,10332.0,,div_0556003793,party_0309653914,div_2058489418
Jotun Abu Dhabi L.L.C.(AP-J0016),AP-J0016,LPI20,2500124,2025-01-23,2025-03-24,4.0,64,,2772.0,,,,,,,,2772.0,,div_0556003793,party_0309653914,div_2058489418
Jotun Abu Dhabi L.L.C.(AP-J0016),AP-J0016,LPI20,2500125,2025-01-24,2025-03-25,3.0,63,,724.5,,,,,,,,724.5,,div_0556003793,party_0309653914,div_2058489418
Jotun Abu Dhabi L.L.C.(AP-J0016),AP-J0016,LPI20,2500126,2025-01-24,2025-03-25,3.0,63,,7623.0,,,,,,,,7623.0,,div_0556003793,party_0309653914,div_2058489418
Jotun Abu Dhabi L.L.C.(AP-J0016),AP-J0016,LPI20,2500127,2025-01-25,2025-03-26,2.0,62,,21136.5,,,,,,,,21136.5,,div_0556003793,party_0309653914,div_2058489418
Jotun Abu Dhabi L.L.C.(AP-J0016),AP-J0016,LPI20,2500128,2025-01-25,2025-03-26,2.0,62,,19057.5,,,,,,,,19057.5,,div_0556003793,party_0309653914,div_2058489418
Jotun Abu Dhabi L.L.C.(AP-J0016),AP-J0016,LPI20,2500129,2025-01-25,2025-03-26,2.0,62,,20601.0,,,,,,,,20601.0,,div_0556003793,party_0309653914,div_2058489418
Jotun Abu Dhabi L.L.C.(AP-J0016),AP-J0016,LPI20,2500130,2025-01-24,2025-03-25,3.0,63,,546.0,,,,,,,,546.0,,div_0556003793,party_0309653914,div_2058489418
Jotun Abu Dhabi L.L.C.(AP-J0016),AP-J0016,LPI20,2500131,2025-01-24,2025-03-25,3.0,63,,1117.2,,,,,,,,1117.2,,div_0556003793,party_0309653914,div_2058489418
Jotun Abu Dhabi L.L.C.(AP-J0016),AP-J0016,LPI20,2500132,2025-01-24,2025-03-25,3.0,63,,4849.95,,,,,,,,4849.95,,div_0556003793,party_0309653914,div_2058489418
Jotun Abu Dhabi L.L.C.(AP-J0016),AP-J0016,LPI20,2500133,2025-01-23,2025-03-24,4.0,64,,6930.0,,,,,,,,6930.0,,div_0556003793,party_0309653914,div_2058489418
Jotun Abu Dhabi L.L.C.(AP-J0016),AP-J0016,LPI20,2500134,2025-01-23,2025-03-24,4.0,64,,10164.0,,,,,,,,10164.0,,div_0556003793,party_0309653914,div_2058489418
Jotun Abu Dhabi L.L.C.(AP-J0016),AP-J0016,LPI20,2500135,2025-01-24,2025-03-25,3.0,63,,7087.5,,,,,,,,7087.5,,div_0556003793,party_0309653914,div_2058489418
Jotun Abu Dhabi L.L.C.(AP-J0016),AP-J0016,LPI20,2500136,2025-01-23,2025-03-24,4.0,64,,10233.3,,,,,,,,10233.3,,div_0556003793,party_0309653914,div_2058489418
Jotun Abu Dhabi L.L.C.(AP-J0016),AP-J0016,LPI20,2500137,2025-01-23,2025-03-24,4.0,64,,11434.5,,,,,,,,11434.5,,div_0556003793,party_0309653914,div_2058489418
Jotun Abu Dhabi L.L.C.(AP-J0016),AP-J0016,LPI20,2500138,2025-01-23,2025-03-24,4.0,64,,19215.0,,,,,,,,19215.0,,div_0556003793,party_0309653914,div_2058489418
Jotun Abu Dhabi L.L.C.(AP-J0016),AP-J0016,LPI20,2500139,2025-01-23,2025-03-24,4.0,64,,43197.0,,,,,,,,43197.0,,div_0556003793,party_0309653914,div_2058489418
Jotun Abu Dhabi L.L.C.(AP-J0016),AP-J0016,LPI20,2500145,2025-01-22,2025-03-23,5.0,65,,3705.45,,,,,,,,3705.45,,div_0556003793,party_0309653914,div_2058489418
Jotun Abu Dhabi L.L.C.(AP-J0016),AP-J0016,LPI20,2500146,2025-01-22,2025-03-23,5.0,65,,15624.0,,,,,,,,15624.0,,div_0556003793,party_0309653914,div_2058489418
Jotun Abu Dhabi L.L.C.(AP-J0016),AP-J0016,LPI20,2500147,2025-01-22,2025-03-23,5.0,65,,651.0,,,,,,,,651.0,,div_0556003793,party_0309653914,div_2058489418
Jotun Abu Dhabi L.L.C.(AP-J0016),AP-J0016,LPI20,2500150,2025-01-21,2025-03-22,6.0,66,,265.53,,,,,,,,265.53,,div_0556003793,party_0309653914,div_2058489418
Jotun Abu Dhabi L.L.C.(AP-J0016),AP-J0016,LPI20,2500151,2025-01-21,2025-03-22,6.0,66,,7801.5,,,,,,,,7801.5,,div_0556003793,party_0309653914,div_2058489418
Jotun Abu Dhabi L.L.C.(AP-J0016),AP-J0016,LPI20,2500152,2025-01-21,2025-03-22,6.0,66,,13874.7,,,,,,,,13874.7,,div_0556003793,party_0309653914,div_2058489418
Jotun Abu Dhabi L.L.C.(AP-J0016),AP-J0016,LPI20,2500169,2025-01-22,2025-03-23,5.0,65,,5292.0,,,,,,,,5292.0,,div_0556003793,party_0309653914,div_2058489418
Asia Paint Exhibition Building Material L.L.C.(AP-A0438),AP-A0438,LPI20,2500177,2025-02-02,2025-02-17,39.0,54,,530.25,,,,,,,,530.25,,div_0556003793,party_1677101084,div_2058489418
Asia Paint Exhibition Building Material L.L.C.(AP-A0438),AP-A0438,LPI20,2500178,2025-02-02,2025-02-17,39.0,54,,105.0,,,,,,,,105.0,,div_0556003793,party_1677101084,div_2058489418
Jotun Abu Dhabi L.L.C.(AP-J0016),AP-J0016,LPI20,2500188,2025-01-23,2025-03-24,4.0,64,,13305.6,,,,,,,,13305.6,,div_0556003793,party_0309653914,div_2058489418
Jotun Abu Dhabi L.L.C.(AP-J0016),AP-J0016,LPI20,2500208,2025-01-27,2025-03-28,,60,,9198.0,,,,,,,,9198.0,,div_0556003793,party_0309653914,div_2058489418
Jotun Abu Dhabi L.L.C.(AP-J0016),AP-J0016,LPI20,2500209,2025-01-27,2025-03-28,,60,,13185.9,,,,,,,,13185.9,,div_0556003793,party_0309653914,div_2058489418
Jotun Abu Dhabi L.L.C.(AP-J0016),AP-J0016,LPI20,2500210,2025-01-27,2025-03-28,,60,,4200.0,,,,,,,,4200.0,,div_0556003793,party_0309653914,div_2058489418
Jotun Abu Dhabi (L.L.C)- P C(AP-J0015),AP-J0015,LPI20,2500211,2025-01-28,2025-03-29,-1.0,59,,19633.62,,,,,,,,19633.62,,div_0556003793,party_1087986705,div_2058489418
Jotun Abu Dhabi (L.L.C)- P C(AP-J0015),AP-J0015,LPI20,2500212,2025-01-28,2025-03-29,-1.0,59,,7418.91,,,,,,,,7418.91,,div_0556003793,party_1087986705,div_2058489418
Jotun Abu Dhabi (L.L.C)- P C(AP-J0015),AP-J0015,LPI20,2500213,2025-01-28,2025-03-29,-1.0,59,,750.75,,,,,,,,750.75,,div_0556003793,party_1087986705,div_2058489418
Jotun Abu Dhabi (L.L.C)- P C(AP-J0015),AP-J0015,LPI20,2500214,2025-01-28,2025-03-29,-1.0,59,,18249.0,,,,,,,,18249.0,,div_0556003793,party_1087986705,div_2058489418
Jotun Abu Dhabi L.L.C.(AP-J0016),AP-J0016,LPI20,2500215,2025-01-22,2025-03-23,5.0,65,,26611.2,,,,,,,,26611.2,,div_0556003793,party_0309653914,div_2058489418
Jotun Abu Dhabi L.L.C.(AP-J0016),AP-J0016,LPI20,2500216,2025-01-31,2025-04-01,-4.0,56,,4326.0,,,,,,,,4326.0,,div_0556003793,party_0309653914,div_2058489418
Jotun Abu Dhabi L.L.C.(AP-J0016),AP-J0016,LPI20,2500217,2025-01-31,2025-04-01,-4.0,56,,3874.5,,,,,,,,3874.5,,div_0556003793,party_0309653914,div_2058489418
Jotun Abu Dhabi L.L.C.(AP-J0016),AP-J0016,LPI20,2500218,2025-01-31,2025-04-01,-4.0,56,,2419.2,,,,,,,,2419.2,,div_0556003793,party_0309653914,div_2058489418
Jotun Abu Dhabi L.L.C.(AP-J0016),AP-J0016,LPI20,2500219,2025-01-31,2025-04-01,-4.0,56,,2528.4,,,,,,,,2528.4,,div_0556003793,party_0309653914,div_2058489418
Jotun Abu Dhabi (L.L.C)- P C(AP-J0015),AP-J0015,LPI20,2500220,2025-01-31,2025-04-01,-4.0,56,,2260.44,,,,,,,,2260.44,,div_0556003793,party_1087986705,div_2058489418
Jotun Abu Dhabi (L.L.C)- P C(AP-J0015),AP-J0015,LPI20,2500221,2025-01-31,2025-04-01,-4.0,56,,16.07,,,,,,,,16.07,,div_0556003793,party_1087986705,div_2058489418
Jotun Abu Dhabi (L.L.C)- P C(AP-J0015),AP-J0015,LPI20,2500222,2025-01-31,2025-04-01,-4.0,56,,17402.52,,,,,,,,17402.52,,div_0556003793,party_1087986705,div_2058489418
Jotun Abu Dhabi L.L.C.(AP-J0016),AP-J0016,LPI20,2500223,2025-01-31,2025-04-01,-4.0,56,,5082.0,,,,,,,,5082.0,,div_0556003793,party_0309653914,div_2058489418
Jotun Abu Dhabi L.L.C.(AP-J0016),AP-J0016,LPI20,2500224,2025-01-31,2025-04-01,-4.0,56,,698.25,,,,,,,,698.25,,div_0556003793,party_0309653914,div_2058489418
Jotun Abu Dhabi L.L.C.(AP-J0016),AP-J0016,LPI20,2500226,2025-01-31,2025-04-01,-4.0,56,,3255.0,,,,,,,,3255.0,,div_0556003793,party_0309653914,div_2058489418
Best Choice Trading Llc(AP-B0025),AP-B0025,LPI20,2500230,2025-01-20,2025-05-20,-53.0,67,,4725.0,,,,,,,,4725.0,,div_0556003793,party_0546289141,div_2058489418
Jotun Abu Dhabi L.L.C.(AP-J0016),AP-J0016,LPI20,2500231,2025-01-29,2025-03-30,-2.0,58,,7482.3,,,,,,,,7482.3,,div_0556003793,party_0309653914,div_2058489418
Bin Hammad Trading Enterprises(AP-B0040),AP-B0040,LPI20,2500232,2025-01-21,2025-01-21,66.0,66,,756.0,,,,,,,,756.0,,div_0556003793,party_2072472863,div_2058489418
Ocean Plastic Factory L.L.C(AP-O0006),AP-O0006,LPI20,2500233,2025-01-29,2025-01-29,58.0,58,,2703.75,,,,,,,,2703.75,,div_0556003793,party_1495820237,div_2058489418
Jotun Abu Dhabi (L.L.C)- P C(AP-J0015),AP-J0015,LPI20,2500243,2025-02-03,2025-04-04,-7.0,53,,2152.5,,,,,,,,2152.5,,div_0556003793,party_1087986705,div_2058489418
Al Nahda International Chemicals Co. (L.L.C)(AP-A0260),AP-A0260,LPI20,2500248,2025-01-20,2025-05-20,-53.0,67,,1386.0,,,,,,,,1386.0,,div_0556003793,party_1010865889,div_2058489418
BMQ Technical Supplies Company - L.L.C(AP-B0041),AP-B0041,LPI20,2500253,2025-01-01,2025-05-01,-34.0,86,,,438.9,,,,,,,438.9,,div_0556003793,party_0081626157,div_2058489418
Al Nahda International Chemicals Co. (L.L.C)(AP-A0260),AP-A0260,LPI20,2500256,2025-01-06,2025-05-06,-39.0,81,,,2425.5,,,,,,,2425.5,,div_0556003793,party_1010865889,div_2058489418
Ocean Plastic Factory L.L.C(AP-O0006),AP-O0006,LPI20,2500257,2025-01-04,2025-01-04,83.0,83,,,2703.75,,,,,,,2703.75,,div_0556003793,party_1495820237,div_2058489418
C.M.S Manufacturing Co. L.L.C.(AP-C0002),AP-C0002,LPI20,2500260,2025-01-02,2025-05-02,-35.0,85,,,462.0,,,,,,,462.0,,div_0556003793,party_1580039092,div_2058489418
Best Choice Trading Llc(AP-B0025),AP-B0025,LPI20,2500261,2025-01-02,2025-05-02,-35.0,85,,,4725.0,,,,,,,4725.0,,div_0556003793,party_0546289141,div_2058489418
International Motor & Equipment Co. L.L.C.(AP-I0028),AP-I0028,LPI20,2500264,2025-01-09,2025-05-09,-42.0,78,,,945.0,,,,,,,945.0,,div_0556003793,party_1289435480,div_2058489418
Hydromax General Trading Llc(AP-H0062),AP-H0062,LPI20,2500265,2025-01-06,2025-01-06,81.0,81,,,919.8,,,,,,,919.8,,div_0556003793,party_0423632714,div_2058489418
Perfect Building Materials Trading(AP-P0015),AP-P0015,LPI20,2500266,2025-01-06,2025-01-06,81.0,81,,,945.0,,,,,,,945.0,,div_0556003793,party_0277512832,div_2058489418
Jotun Abu Dhabi (L.L.C)- P C(AP-J0015),AP-J0015,LPI20,2500274,2025-01-31,2025-04-01,-4.0,56,,5890.5,,,,,,,,5890.5,,div_0556003793,party_1087986705,div_2058489418
Jotun Abu Dhabi (L.L.C)- P C(AP-J0015),AP-J0015,LPI20,2500275,2025-01-31,2025-04-01,-4.0,56,,1690.5,,,,,,,,1690.5,,div_0556003793,party_1087986705,div_2058489418
Jotun Abu Dhabi (L.L.C)- P C(AP-J0015),AP-J0015,LPI20,2500285,2025-01-13,2025-03-14,14.0,74,,,4299.84,,,,,,,4299.84,,div_0556003793,party_1087986705,div_2058489418
Jotun Abu Dhabi (L.L.C)- P C(AP-J0015),AP-J0015,LPI20,2500286,2025-01-13,2025-03-14,14.0,74,,,3822.08,,,,,,,3822.08,,div_0556003793,party_1087986705,div_2058489418
Jotun Abu Dhabi (L.L.C)- P C(AP-J0015),AP-J0015,LPI20,2500287,2025-01-13,2025-03-14,14.0,74,,,2388.8,,,,,,,2388.8,,div_0556003793,party_1087986705,div_2058489418
Jotun Abu Dhabi (L.L.C)- P C(AP-J0015),AP-J0015,LPI20,2500288,2025-01-13,2025-03-14,14.0,74,,,3822.08,,,,,,,3822.08,,div_0556003793,party_1087986705,div_2058489418
Jotun Abu Dhabi (L.L.C)- P C(AP-J0015),AP-J0015,LPI20,2500289,2025-01-13,2025-03-14,14.0,74,,,7166.41,,,,,,,7166.41,,div_0556003793,party_1087986705,div_2058489418
Jotun Abu Dhabi L.L.C.(AP-J0016),AP-J0016,LPI20,2500292,2025-01-22,2025-03-23,5.0,65,,201.71,,,,,,,,201.71,,div_0556003793,party_0309653914,div_2058489418
Jotun Abu Dhabi L.L.C.(AP-J0016),AP-J0016,LPI20,2500293,2025-01-29,2025-03-30,-2.0,58,,14091.0,,,,,,,,14091.0,,div_0556003793,party_0309653914,div_2058489418
Jotun Abu Dhabi (L.L.C)- P C(AP-J0015),AP-J0015,LPI20,2500294,2025-01-31,2025-04-01,-4.0,56,,825.83,,,,,,,,825.83,,div_0556003793,party_1087986705,div_2058489418
Jotun Abu Dhabi L.L.C.(AP-J0016),AP-J0016,LPI20,2500298,2025-01-30,2025-03-31,-3.0,57,,5040.0,,,,,,,,5040.0,,div_0556003793,party_0309653914,div_2058489418
Jotun Abu Dhabi L.L.C.(AP-J0016),AP-J0016,LPI20,2500299,2025-01-30,2025-03-31,-3.0,57,,3150.0,,,,,,,,3150.0,,div_0556003793,party_0309653914,div_2058489418
Jotun Abu Dhabi L.L.C.(AP-J0016),AP-J0016,LPI20,2500300,2025-01-31,2025-04-01,-4.0,56,,253209.6,,,,,,,,253209.6,,div_0556003793,party_0309653914,div_2058489418
Jotun Abu Dhabi (L.L.C)- P C(AP-J0015),AP-J0015,LPI20,2500303,2025-01-15,2025-03-16,12.0,72,,,9092.27,,,,,,,9092.27,,div_0556003793,party_1087986705,div_2058489418
Jotun Abu Dhabi (L.L.C)- P C(AP-J0015),AP-J0015,LPI20,2500306,2025-01-09,2025-03-10,18.0,78,,,2388.8,,,,,,,2388.8,,div_0556003793,party_1087986705,div_2058489418
Jotun Abu Dhabi L.L.C.(AP-J0016),AP-J0016,LPI20,2500307,2025-01-25,2025-03-26,2.0,62,,4486.6,,,,,,,,4486.6,,div_0556003793,party_0309653914,div_2058489418
Jotun Abu Dhabi L.L.C.(AP-J0016),AP-J0016,LPI20,2500308,2025-01-29,2025-03-30,-2.0,58,,39916.8,,,,,,,,39916.8,,div_0556003793,party_0309653914,div_2058489418
BMQ Technical Supplies Company - L.L.C(AP-B0041),AP-B0041,LPI20,2500310,2025-01-02,2025-05-02,-35.0,85,,,65.1,,,,,,,65.1,,div_0556003793,party_0081626157,div_2058489418
Asia Paint Exhibition Building Material L.L.C.(AP-A0438),AP-A0438,LPI20,2500312,2025-02-08,2025-02-23,33.0,48,,2133.6,,,,,,,,2133.6,,div_0556003793,party_1677101084,div_2058489418
Asia Paint Exhibition Building Material L.L.C.(AP-A0438),AP-A0438,LPI20,2500313,2025-02-15,2025-03-02,26.0,41,,198.45,,,,,,,,198.45,,div_0556003793,party_1677101084,div_2058489418
Asia Paint Exhibition Building Material L.L.C.(AP-A0438),AP-A0438,LPI20,2500314,2025-02-13,2025-02-28,28.0,43,,144.9,,,,,,,,144.9,,div_0556003793,party_1677101084,div_2058489418
Asia Paint Exhibition Building Material L.L.C.(AP-A0438),AP-A0438,LPI20,2500315,2025-02-12,2025-02-27,29.0,44,,235.2,,,,,,,,235.2,,div_0556003793,party_1677101084,div_2058489418
Asia Paint Exhibition Building Material L.L.C.(AP-A0438),AP-A0438,LPI20,2500316,2025-02-12,2025-02-27,29.0,44,,1391.25,,,,,,,,1391.25,,div_0556003793,party_1677101084,div_2058489418
Asia Paint Exhibition Building Material L.L.C.(AP-A0438),AP-A0438,LPI20,2500317,2025-02-11,2025-02-26,30.0,45,,210.21,,,,,,,,210.21,,div_0556003793,party_1677101084,div_2058489418
Asia Paint Exhibition Building Material L.L.C.(AP-A0438),AP-A0438,LPI20,2500318,2025-02-18,2025-03-05,23.0,38,,105.0,,,,,,,,105.0,,div_0556003793,party_1677101084,div_2058489418
Asia Paint Exhibition Building Material L.L.C.(AP-A0438),AP-A0438,LPI20,2500319,2025-02-18,2025-03-05,23.0,38,,105.0,,,,,,,,105.0,,div_0556003793,party_1677101084,div_2058489418
Asia Paint Exhibition Building Material L.L.C.(AP-A0438),AP-A0438,LPI20,2500320,2025-02-05,2025-02-20,36.0,51,,369.6,,,,,,,,369.6,,div_0556003793,party_1677101084,div_2058489418
Asia Paint Exhibition Building Material L.L.C.(AP-A0438),AP-A0438,LPI20,2500321,2025-02-01,2025-02-16,40.0,55,,6144.6,,,,,,,,6144.6,,div_0556003793,party_1677101084,div_2058489418
Asia Paint Exhibition Building Material L.L.C.(AP-A0438),AP-A0438,LPI20,2500322,2025-02-09,2025-02-24,32.0,47,,121.8,,,,,,,,121.8,,div_0556003793,party_1677101084,div_2058489418
Asia Paint Exhibition Building Material L.L.C.(AP-A0438),AP-A0438,LPI20,2500323,2025-02-06,2025-02-21,35.0,50,,787.5,,,,,,,,787.5,,div_0556003793,party_1677101084,div_2058489418
Jotun Abu Dhabi (L.L.C)- P C(AP-J0015),AP-J0015,LPI20,2500327,2025-02-25,2025-04-26,-29.0,31,19886.11,,,,,,,,,19886.11,,div_0556003793,party_1087986705,div_2058489418
Jotun Abu Dhabi (L.L.C)- P C(AP-J0015),AP-J0015,LPI20,2500328,2025-02-25,2025-04-26,-29.0,31,3849.2,,,,,,,,,3849.2,,div_0556003793,party_1087986705,div_2058489418
Jotun Abu Dhabi (L.L.C)- P C(AP-J0015),AP-J0015,LPI20,2500329,2025-02-25,2025-04-26,-29.0,31,7371.0,,,,,,,,,7371.0,,div_0556003793,party_1087986705,div_2058489418
Jotun Abu Dhabi L.L.C.(AP-J0016),AP-J0016,LPI20,2500331,2025-01-30,2025-03-31,-3.0,57,,5040.0,,,,,,,,5040.0,,div_0556003793,party_0309653914,div_2058489418
Jotun Abu Dhabi (L.L.C)- P C(AP-J0015),AP-J0015,LPI20,2500332,2025-02-21,2025-04-22,-25.0,35,6232.8,,,,,,,,,6232.8,,div_0556003793,party_1087986705,div_2058489418
Jotun Abu Dhabi (L.L.C)- P C(AP-J0015),AP-J0015,LPI20,2500333,2025-02-21,2025-04-22,-25.0,35,11529.0,,,,,,,,,11529.0,,div_0556003793,party_1087986705,div_2058489418
Jotun Abu Dhabi (L.L.C)- P C(AP-J0015),AP-J0015,LPI20,2500334,2025-02-21,2025-04-22,-25.0,35,10258.84,,,,,,,,,10258.84,,div_0556003793,party_1087986705,div_2058489418
Jotun Abu Dhabi (L.L.C)- P C(AP-J0015),AP-J0015,LPI20,2500335,2025-02-21,2025-04-22,-25.0,35,1917.88,,,,,,,,,1917.88,,div_0556003793,party_1087986705,div_2058489418
Jotun Abu Dhabi (L.L.C)- P C(AP-J0015),AP-J0015,LPI20,2500336,2025-02-21,2025-04-22,-25.0,35,4082.4,,,,,,,,,4082.4,,div_0556003793,party_1087986705,div_2058489418
Jotun Abu Dhabi (L.L.C)- P C(AP-J0015),AP-J0015,LPI20,2500337,2025-02-19,2025-04-20,-23.0,37,13579.66,,,,,,,,,13579.66,,div_0556003793,party_1087986705,div_2058489418
Jotun Abu Dhabi (L.L.C)- P C(AP-J0015),AP-J0015,LPI20,2500338,2025-02-19,2025-04-20,-23.0,37,23853.65,,,,,,,,,23853.65,,div_0556003793,party_1087986705,div_2058489418
Jotun Abu Dhabi (L.L.C)- P C(AP-J0015),AP-J0015,LPI20,2500339,2025-02-20,2025-04-21,-24.0,36,2806.65,,,,,,,,,2806.65,,div_0556003793,party_1087986705,div_2058489418
Jotun Abu Dhabi (L.L.C)- P C(AP-J0015),AP-J0015,LPI20,2500340,2025-02-20,2025-04-21,-24.0,36,6608.39,,,,,,,,,6608.39,,div_0556003793,party_1087986705,div_2058489418
Jotun Abu Dhabi (L.L.C)- P C(AP-J0015),AP-J0015,LPI20,2500341,2025-02-20,2025-04-21,-24.0,36,29006.83,,,,,,,,,29006.83,,div_0556003793,party_1087986705,div_2058489418
Jotun Abu Dhabi (L.L.C)- P C(AP-J0015),AP-J0015,LPI20,2500342,2025-02-18,2025-04-19,-22.0,38,,3439.8,,,,,,,,3439.8,,div_0556003793,party_1087986705,div_2058489418
Jotun Abu Dhabi (L.L.C)- P C(AP-J0015),AP-J0015,LPI20,2500343,2025-02-18,2025-04-19,-22.0,38,,13819.05,,,,,,,,13819.05,,div_0556003793,party_1087986705,div_2058489418
Jotun Abu Dhabi (L.L.C)- P C(AP-J0015),AP-J0015,LPI20,2500346,2025-02-18,2025-04-19,-22.0,38,,187.69,,,,,,,,187.69,,div_0556003793,party_1087986705,div_2058489418
Jotun Abu Dhabi (L.L.C)- P C(AP-J0015),AP-J0015,LPI20,2500347,2025-02-18,2025-04-19,-22.0,38,,1381.8,,,,,,,,1381.8,,div_0556003793,party_1087986705,div_2058489418
Jotun Abu Dhabi (L.L.C)- P C(AP-J0015),AP-J0015,LPI20,2500348,2025-02-19,2025-04-20,-23.0,37,55388.34,,,,,,,,,55388.34,,div_0556003793,party_1087986705,div_2058489418
Jotun Abu Dhabi (L.L.C)- P C(AP-J0015),AP-J0015,LPI20,2500349,2025-02-19,2025-04-20,-23.0,37,3233.48,,,,,,,,,3233.48,,div_0556003793,party_1087986705,div_2058489418
Jotun Abu Dhabi L.L.C.(AP-J0016),AP-J0016,LPI20,2500351,2025-02-17,2025-04-18,-21.0,39,,12600.0,,,,,,,,12600.0,,div_0556003793,party_0309653914,div_2058489418
Jotun Abu Dhabi L.L.C.(AP-J0016),AP-J0016,LPI20,2500352,2025-02-17,2025-04-18,-21.0,39,,66366.3,,,,,,,,66366.3,,div_0556003793,party_0309653914,div_2058489418
Jotun Abu Dhabi L.L.C.(AP-J0016),AP-J0016,LPI20,2500354,2025-02-26,2025-04-27,-30.0,30,24772.23,,,,,,,,,24772.23,,div_0556003793,party_0309653914,div_2058489418
Jotun Abu Dhabi (L.L.C)- P C(AP-J0015),AP-J0015,LPI20,2500355,2025-02-25,2025-04-26,-29.0,31,5748.75,,,,,,,,,5748.75,,div_0556003793,party_1087986705,div_2058489418
Jotun Abu Dhabi (L.L.C)- P C(AP-J0015),AP-J0015,LPI20,2500356,2025-02-26,2025-04-27,-30.0,30,3572.1,,,,,,,,,3572.1,,div_0556003793,party_1087986705,div_2058489418
Jotun Abu Dhabi (L.L.C)- P C(AP-J0015),AP-J0015,LPI20,2500357,2025-02-26,2025-04-27,-30.0,30,8610.0,,,,,,,,,8610.0,,div_0556003793,party_1087986705,div_2058489418
Jotun Abu Dhabi L.L.C.(AP-J0016),AP-J0016,LPI20,2500358,2025-02-26,2025-04-27,-30.0,30,1302.0,,,,,,,,,1302.0,,div_0556003793,party_0309653914,div_2058489418
Jotun Abu Dhabi L.L.C.(AP-J0016),AP-J0016,LPI20,2500359,2025-02-25,2025-04-26,-29.0,31,2772.0,,,,,,,,,2772.0,,div_0556003793,party_0309653914,div_2058489418
Jotun Abu Dhabi L.L.C.(AP-J0016),AP-J0016,LPI20,2500360,2025-02-26,2025-04-27,-30.0,30,2528.4,,,,,,,,,2528.4,,div_0556003793,party_0309653914,div_2058489418
Jotun Abu Dhabi L.L.C.(AP-J0016),AP-J0016,LPI20,2500361,2025-02-26,2025-04-27,-30.0,30,2520.0,,,,,,,,,2520.0,,div_0556003793,party_0309653914,div_2058489418
Jotun Abu Dhabi L.L.C.(AP-J0016),AP-J0016,LPI20,2500362,2025-02-22,2025-04-23,-26.0,34,3402.0,,,,,,,,,3402.0,,div_0556003793,party_0309653914,div_2058489418
Jotun Abu Dhabi L.L.C.(AP-J0016),AP-J0016,LPI20,2500363,2025-02-22,2025-04-23,-26.0,34,6363.0,,,,,,,,,6363.0,,div_0556003793,party_0309653914,div_2058489418
Jotun Abu Dhabi L.L.C.(AP-J0016),AP-J0016,LPI20,2500364,2025-02-18,2025-04-19,-22.0,38,,7630.88,,,,,,,,7630.88,,div_0556003793,party_0309653914,div_2058489418
Jotun Abu Dhabi L.L.C.(AP-J0016),AP-J0016,LPI20,2500365,2025-02-18,2025-04-19,-22.0,38,,5636.4,,,,,,,,5636.4,,div_0556003793,party_0309653914,div_2058489418
Jotun Abu Dhabi L.L.C.(AP-J0016),AP-J0016,LPI20,2500366,2025-02-18,2025-04-19,-22.0,38,,4680.9,,,,,,,,4680.9,,div_0556003793,party_0309653914,div_2058489418
Jotun Abu Dhabi L.L.C.(AP-J0016),AP-J0016,LPI20,2500367,2025-02-26,2025-04-27,-30.0,30,9744.0,,,,,,,,,9744.0,,div_0556003793,party_0309653914,div_2058489418
Jotun Abu Dhabi L.L.C.(AP-J0016),AP-J0016,LPI20,2500368,2025-02-20,2025-04-21,-24.0,36,2100.0,,,,,,,,,2100.0,,div_0556003793,party_0309653914,div_2058489418
Jotun Abu Dhabi L.L.C.(AP-J0016),AP-J0016,LPI20,2500369,2025-02-21,2025-04-22,-25.0,35,1848.0,,,,,,,,,1848.0,,div_0556003793,party_0309653914,div_2058489418
Jotun Abu Dhabi L.L.C.(AP-J0016),AP-J0016,LPI20,2500370,2025-02-19,2025-04-20,-23.0,37,2310.0,,,,,,,,,2310.0,,div_0556003793,party_0309653914,div_2058489418
Jotun Abu Dhabi L.L.C.(AP-J0016),AP-J0016,LPI20,2500371,2025-02-19,2025-04-20,-23.0,37,2625.0,,,,,,,,,2625.0,,div_0556003793,party_0309653914,div_2058489418
Jotun Abu Dhabi L.L.C.(AP-J0016),AP-J0016,LPI20,2500372,2025-02-19,2025-04-20,-23.0,37,3150.0,,,,,,,,,3150.0,,div_0556003793,party_0309653914,div_2058489418
Jotun Abu Dhabi L.L.C.(AP-J0016),AP-J0016,LPI20,2500373,2025-02-22,2025-04-23,-26.0,34,4504.5,,,,,,,,,4504.5,,div_0556003793,party_0309653914,div_2058489418
Jotun Abu Dhabi L.L.C.(AP-J0016),AP-J0016,LPI20,2500374,2025-02-22,2025-04-23,-26.0,34,5653.2,,,,,,,,,5653.2,,div_0556003793,party_0309653914,div_2058489418
Jotun Abu Dhabi L.L.C.(AP-J0016),AP-J0016,LPI20,2500375,2025-02-22,2025-04-23,-26.0,34,22026.9,,,,,,,,,22026.9,,div_0556003793,party_0309653914,div_2058489418
Jotun Abu Dhabi L.L.C.(AP-J0016),AP-J0016,LPI20,2500376,2025-02-12,2025-04-13,-16.0,44,,15687.0,,,,,,,,15687.0,,div_0556003793,party_0309653914,div_2058489418
Jotun Abu Dhabi L.L.C.(AP-J0016),AP-J0016,LPI20,2500377,2025-02-20,2025-04-21,-24.0,36,1932.0,,,,,,,,,1932.0,,div_0556003793,party_0309653914,div_2058489418
Jotun Abu Dhabi L.L.C.(AP-J0016),AP-J0016,LPI20,2500378,2025-02-20,2025-04-21,-24.0,36,352.8,,,,,,,,,352.8,,div_0556003793,party_0309653914,div_2058489418
Jotun Abu Dhabi L.L.C.(AP-J0016),AP-J0016,LPI20,2500379,2025-02-18,2025-04-19,-22.0,38,,2152.5,,,,,,,,2152.5,,div_0556003793,party_0309653914,div_2058489418
Jotun Abu Dhabi L.L.C.(AP-J0016),AP-J0016,LPI20,2500380,2025-02-18,2025-04-19,-22.0,38,,2108.4,,,,,,,,2108.4,,div_0556003793,party_0309653914,div_2058489418
Jotun Abu Dhabi L.L.C.(AP-J0016),AP-J0016,LPI20,2500381,2025-02-18,2025-04-19,-22.0,38,,10953.6,,,,,,,,10953.6,,div_0556003793,party_0309653914,div_2058489418
Jotun Abu Dhabi L.L.C.(AP-J0016),AP-J0016,LPI20,2500382,2025-02-18,2025-04-19,-22.0,38,,11749.5,,,,,,,,11749.5,,div_0556003793,party_0309653914,div_2058489418
Jotun Abu Dhabi (L.L.C)- P C(AP-J0015),AP-J0015,LPI20,2500383,2025-02-13,2025-04-14,-17.0,43,,8127.01,,,,,,,,8127.01,,div_0556003793,party_1087986705,div_2058489418
Jotun Abu Dhabi (L.L.C)- P C(AP-J0015),AP-J0015,LPI20,2500384,2025-02-17,2025-04-18,-21.0,39,,267.75,,,,,,,,267.75,,div_0556003793,party_1087986705,div_2058489418
Jotun Abu Dhabi (L.L.C)- P C(AP-J0015),AP-J0015,LPI20,2500385,2025-02-14,2025-04-15,-18.0,42,,9440.55,,,,,,,,9440.55,,div_0556003793,party_1087986705,div_2058489418
Jotun Abu Dhabi (L.L.C)- P C(AP-J0015),AP-J0015,LPI20,2500386,2025-02-14,2025-04-15,-18.0,42,,5880.0,,,,,,,,5880.0,,div_0556003793,party_1087986705,div_2058489418
Jotun Abu Dhabi (L.L.C)- P C(AP-J0015),AP-J0015,LPI20,2500387,2025-02-13,2025-04-14,-17.0,43,,2073.76,,,,,,,,2073.76,,div_0556003793,party_1087986705,div_2058489418
Jotun Abu Dhabi (L.L.C)- P C(AP-J0015),AP-J0015,LPI20,2500388,2025-02-17,2025-04-18,-21.0,39,,4200.0,,,,,,,,4200.0,,div_0556003793,party_1087986705,div_2058489418
Jotun Abu Dhabi (L.L.C)- P C(AP-J0015),AP-J0015,LPI20,2500389,2025-02-17,2025-04-18,-21.0,39,,16537.5,,,,,,,,16537.5,,div_0556003793,party_1087986705,div_2058489418
Jotun Abu Dhabi (L.L.C)- P C(AP-J0015),AP-J0015,LPI20,2500390,2025-02-17,2025-04-18,-21.0,39,,30069.38,,,,,,,,30069.38,,div_0556003793,party_1087986705,div_2058489418
Jotun Abu Dhabi (L.L.C)- P C(AP-J0015),AP-J0015,LPI20,2500391,2025-02-14,2025-04-15,-18.0,42,,13119.5,,,,,,,,13119.5,,div_0556003793,party_1087986705,div_2058489418
Jotun Abu Dhabi (L.L.C)- P C(AP-J0015),AP-J0015,LPI20,2500392,2025-02-14,2025-04-15,-18.0,42,,2598.54,,,,,,,,2598.54,,div_0556003793,party_1087986705,div_2058489418
Jotun Abu Dhabi (L.L.C)- P C(AP-J0015),AP-J0015,LPI20,2500393,2025-02-14,2025-04-15,-18.0,42,,2073.75,,,,,,,,2073.75,,div_0556003793,party_1087986705,div_2058489418
Jotun Abu Dhabi (L.L.C)- P C(AP-J0015),AP-J0015,LPI20,2500394,2025-02-14,2025-04-15,-18.0,42,,15120.0,,,,,,,,15120.0,,div_0556003793,party_1087986705,div_2058489418
Jotun Abu Dhabi (L.L.C)- P C(AP-J0015),AP-J0015,LPI20,2500395,2025-02-14,2025-04-15,-18.0,42,,4599.0,,,,,,,,4599.0,,div_0556003793,party_1087986705,div_2058489418
Jotun Abu Dhabi (L.L.C)- P C(AP-J0015),AP-J0015,LPI20,2500396,2025-02-15,2025-04-16,-19.0,41,,11781.0,,,,,,,,11781.0,,div_0556003793,party_1087986705,div_2058489418
Jotun Abu Dhabi (L.L.C)- P C(AP-J0015),AP-J0015,LPI20,2500397,2025-02-15,2025-04-16,-19.0,41,,13846.14,,,,,,,,13846.14,,div_0556003793,party_1087986705,div_2058489418
Jotun Abu Dhabi (L.L.C)- P C(AP-J0015),AP-J0015,LPI20,2500398,2025-02-14,2025-04-15,-18.0,42,,39358.51,,,,,,,,39358.51,,div_0556003793,party_1087986705,div_2058489418
Jotun Abu Dhabi (L.L.C)- P C(AP-J0015),AP-J0015,LPI20,2500399,2025-02-10,2025-04-11,-14.0,46,,13119.5,,,,,,,,13119.5,,div_0556003793,party_1087986705,div_2058489418
Jotun Abu Dhabi (L.L.C)- P C(AP-J0015),AP-J0015,LPI20,2500400,2025-02-12,2025-04-13,-16.0,44,,7087.5,,,,,,,,7087.5,,div_0556003793,party_1087986705,div_2058489418
Jotun Abu Dhabi (L.L.C)- P C(AP-J0015),AP-J0015,LPI20,2500401,2025-02-12,2025-04-13,-16.0,44,,2772.0,,,,,,,,2772.0,,div_0556003793,party_1087986705,div_2058489418
Jotun Abu Dhabi (L.L.C)- P C(AP-J0015),AP-J0015,LPI20,2500402,2025-02-06,2025-04-07,-10.0,50,,18573.47,,,,,,,,18573.47,,div_0556003793,party_1087986705,div_2058489418
Jotun Abu Dhabi (L.L.C)- P C(AP-J0015),AP-J0015,LPI20,2500403,2025-02-10,2025-04-11,-14.0,46,,1776.6,,,,,,,,1776.6,,div_0556003793,party_1087986705,div_2058489418
Jotun Abu Dhabi (L.L.C)- P C(AP-J0015),AP-J0015,LPI20,2500404,2025-02-10,2025-04-11,-14.0,46,,4666.2,,,,,,,,4666.2,,div_0556003793,party_1087986705,div_2058489418
Jotun Abu Dhabi (L.L.C)- P C(AP-J0015),AP-J0015,LPI20,2500405,2025-02-11,2025-04-12,-15.0,45,,11222.06,,,,,,,,11222.06,,div_0556003793,party_1087986705,div_2058489418
Jotun Abu Dhabi (L.L.C)- P C(AP-J0015),AP-J0015,LPI20,2500406,2025-02-01,2025-04-02,-5.0,55,,15748.55,,,,,,,,15748.55,,div_0556003793,party_1087986705,div_2058489418
Jotun Abu Dhabi (L.L.C)- P C(AP-J0015),AP-J0015,LPI20,2500407,2025-02-04,2025-04-05,-8.0,52,,9702.0,,,,,,,,9702.0,,div_0556003793,party_1087986705,div_2058489418
Jotun Abu Dhabi (L.L.C)- P C(AP-J0015),AP-J0015,LPI20,2500408,2025-02-04,2025-04-05,-8.0,52,,28922.25,,,,,,,,28922.25,,div_0556003793,party_1087986705,div_2058489418
Jotun Abu Dhabi (L.L.C)- P C(AP-J0015),AP-J0015,LPI20,2500409,2025-02-03,2025-04-04,-7.0,53,,3228.75,,,,,,,,3228.75,,div_0556003793,party_1087986705,div_2058489418
Jotun Abu Dhabi (L.L.C)- P C(AP-J0015),AP-J0015,LPI20,2500410,2025-02-03,2025-04-04,-7.0,53,,7927.58,,,,,,,,7927.58,,div_0556003793,party_1087986705,div_2058489418
Jotun Abu Dhabi (L.L.C)- P C(AP-J0015),AP-J0015,LPI20,2500411,2025-02-03,2025-04-04,-7.0,53,,4161.53,,,,,,,,4161.53,,div_0556003793,party_1087986705,div_2058489418
Jotun Abu Dhabi (L.L.C)- P C(AP-J0015),AP-J0015,LPI20,2500415,2025-02-13,2025-04-14,-17.0,43,,8339.47,,,,,,,,8339.47,,div_0556003793,party_1087986705,div_2058489418
Jotun Abu Dhabi (L.L.C)- P C(AP-J0015),AP-J0015,LPI20,2500416,2025-02-05,2025-04-06,-9.0,51,,29967.0,,,,,,,,29967.0,,div_0556003793,party_1087986705,div_2058489418
Jotun Abu Dhabi (L.L.C)- P C(AP-J0015),AP-J0015,LPI20,2500417,2025-02-05,2025-04-06,-9.0,51,,2866.5,,,,,,,,2866.5,,div_0556003793,party_1087986705,div_2058489418
Jotun Abu Dhabi (L.L.C)- P C(AP-J0015),AP-J0015,LPI20,2500418,2025-02-05,2025-04-06,-9.0,51,,8820.0,,,,,,,,8820.0,,div_0556003793,party_1087986705,div_2058489418
Jotun Abu Dhabi (L.L.C)- P C(AP-J0015),AP-J0015,LPI20,2500419,2025-02-05,2025-04-06,-9.0,51,,1238.74,,,,,,,,1238.74,,div_0556003793,party_1087986705,div_2058489418
Jotun Abu Dhabi (L.L.C)- P C(AP-J0015),AP-J0015,LPI20,2500420,2025-02-10,2025-04-11,-14.0,46,,14361.97,,,,,,,,14361.97,,div_0556003793,party_1087986705,div_2058489418
Jotun Abu Dhabi (L.L.C)- P C(AP-J0015),AP-J0015,LPI20,2500421,2025-02-10,2025-04-11,-14.0,46,,12484.58,,,,,,,,12484.58,,div_0556003793,party_1087986705,div_2058489418
Jotun Abu Dhabi (L.L.C)- P C(AP-J0015),AP-J0015,LPI20,2500422,2025-02-06,2025-04-07,-10.0,50,,35780.47,,,,,,,,35780.47,,div_0556003793,party_1087986705,div_2058489418
Jotun Abu Dhabi (L.L.C)- P C(AP-J0015),AP-J0015,LPI20,2500423,2025-02-06,2025-04-07,-10.0,50,,28455.5,,,,,,,,28455.5,,div_0556003793,party_1087986705,div_2058489418
Jotun Abu Dhabi (L.L.C)- P C(AP-J0015),AP-J0015,LPI20,2500424,2025-02-05,2025-04-06,-9.0,51,,58643.17,,,,,,,,58643.17,,div_0556003793,party_1087986705,div_2058489418
Jotun Abu Dhabi (L.L.C)- P C(AP-J0015),AP-J0015,LPI20,2500425,2025-02-06,2025-04-07,-10.0,50,,3123.53,,,,,,,,3123.53,,div_0556003793,party_1087986705,div_2058489418
Jotun Abu Dhabi (L.L.C)- P C(AP-J0015),AP-J0015,LPI20,2500426,2025-02-06,2025-04-07,-10.0,50,,8315.72,,,,,,,,8315.72,,div_0556003793,party_1087986705,div_2058489418
Jotun Abu Dhabi (L.L.C)- P C(AP-J0015),AP-J0015,LPI20,2500427,2025-02-06,2025-04-07,-10.0,50,,5166.0,,,,,,,,5166.0,,div_0556003793,party_1087986705,div_2058489418
Jotun Abu Dhabi (L.L.C)- P C(AP-J0015),AP-J0015,LPI20,2500428,2025-02-08,2025-04-09,-12.0,48,,53670.71,,,,,,,,53670.71,,div_0556003793,party_1087986705,div_2058489418
Jotun Abu Dhabi (L.L.C)- P C(AP-J0015),AP-J0015,LPI20,2500429,2025-02-06,2025-04-07,-10.0,50,,11550.0,,,,,,,,11550.0,,div_0556003793,party_1087986705,div_2058489418
Jotun Abu Dhabi (L.L.C)- P C(AP-J0015),AP-J0015,LPI20,2500430,2025-02-08,2025-04-09,-12.0,48,,33289.87,,,,,,,,33289.87,,div_0556003793,party_1087986705,div_2058489418
Jotun Abu Dhabi (L.L.C)- P C(AP-J0015),AP-J0015,LPI20,2500431,2025-02-08,2025-04-09,-12.0,48,,11637.68,,,,,,,,11637.68,,div_0556003793,party_1087986705,div_2058489418
Jotun Abu Dhabi (L.L.C)- P C(AP-J0015),AP-J0015,LPI20,2500432,2025-02-03,2025-04-04,-7.0,53,,2762.76,,,,,,,,2762.76,,div_0556003793,party_1087986705,div_2058489418
Jotun Abu Dhabi L.L.C.(AP-J0016),AP-J0016,LPI20,2500433,2025-02-13,2025-04-14,-17.0,43,,5082.0,,,,,,,,5082.0,,div_0556003793,party_0309653914,div_2058489418
Jotun Abu Dhabi L.L.C.(AP-J0016),AP-J0016,LPI20,2500434,2025-02-17,2025-04-18,-21.0,39,,8977.5,,,,,,,,8977.5,,div_0556003793,party_0309653914,div_2058489418
Jotun Abu Dhabi (L.L.C)- P C(AP-J0015),AP-J0015,LPI20,2500435,2025-02-07,2025-04-08,-11.0,49,,61819.36,,,,,,,,61819.36,,div_0556003793,party_1087986705,div_2058489418
Jotun Abu Dhabi L.L.C.(AP-J0016),AP-J0016,LPI20,2500436,2025-02-17,2025-04-18,-21.0,39,,7954.8,,,,,,,,7954.8,,div_0556003793,party_0309653914,div_2058489418
Jotun Abu Dhabi L.L.C.(AP-J0016),AP-J0016,LPI20,2500437,2025-02-17,2025-04-18,-21.0,39,,4882.5,,,,,,,,4882.5,,div_0556003793,party_0309653914,div_2058489418
Jotun Abu Dhabi L.L.C.(AP-J0016),AP-J0016,LPI20,2500438,2025-02-14,2025-04-15,-18.0,42,,8951.25,,,,,,,,8951.25,,div_0556003793,party_0309653914,div_2058489418
Jotun Abu Dhabi L.L.C.(AP-J0016),AP-J0016,LPI20,2500439,2025-02-14,2025-04-15,-18.0,42,,945.0,,,,,,,,945.0,,div_0556003793,party_0309653914,div_2058489418
Jotun Abu Dhabi (L.L.C)- P C(AP-J0015),AP-J0015,LPI20,2500440,2025-02-28,2025-04-29,-32.0,28,3329.95,,,,,,,,,3329.95,,div_0556003793,party_1087986705,div_2058489418
Jotun Abu Dhabi (L.L.C)- P C(AP-J0015),AP-J0015,LPI20,2500441,2025-02-08,2025-04-09,-12.0,48,,13146.0,,,,,,,,13146.0,,div_0556003793,party_1087986705,div_2058489418
Jotun Abu Dhabi L.L.C.(AP-J0016),AP-J0016,LPI20,2500442,2025-02-26,2025-04-27,-30.0,30,1386.0,,,,,,,,,1386.0,,div_0556003793,party_0309653914,div_2058489418
Jotun Abu Dhabi L.L.C.(AP-J0016),AP-J0016,LPI20,2500443,2025-02-26,2025-04-27,-30.0,30,1946.7,,,,,,,,,1946.7,,div_0556003793,party_0309653914,div_2058489418
Jotun Abu Dhabi L.L.C.(AP-J0016),AP-J0016,LPI20,2500444,2025-02-15,2025-04-16,-19.0,41,,8778.0,,,,,,,,8778.0,,div_0556003793,party_0309653914,div_2058489418
Jotun Abu Dhabi L.L.C.(AP-J0016),AP-J0016,LPI20,2500445,2025-02-10,2025-04-11,-14.0,46,,1601.25,,,,,,,,1601.25,,div_0556003793,party_0309653914,div_2058489418
Jotun Abu Dhabi L.L.C.(AP-J0016),AP-J0016,LPI20,2500446,2025-02-12,2025-04-13,-16.0,44,,6237.0,,,,,,,,6237.0,,div_0556003793,party_0309653914,div_2058489418
Jotun Abu Dhabi L.L.C.(AP-J0016),AP-J0016,LPI20,2500447,2025-02-12,2025-04-13,-16.0,44,,4095.0,,,,,,,,4095.0,,div_0556003793,party_0309653914,div_2058489418
Jotun Abu Dhabi L.L.C.(AP-J0016),AP-J0016,LPI20,2500448,2025-02-10,2025-04-11,-14.0,46,,1480.5,,,,,,,,1480.5,,div_0556003793,party_0309653914,div_2058489418
Jotun Abu Dhabi L.L.C.(AP-J0016),AP-J0016,LPI20,2500449,2025-02-06,2025-04-07,-10.0,50,,2100.0,,,,,,,,2100.0,,div_0556003793,party_0309653914,div_2058489418
Jotun Abu Dhabi L.L.C.(AP-J0016),AP-J0016,LPI20,2500450,2025-02-03,2025-04-04,-7.0,53,,40372.5,,,,,,,,40372.5,,div_0556003793,party_0309653914,div_2058489418
Jotun Abu Dhabi L.L.C.(AP-J0016),AP-J0016,LPI20,2500451,2025-02-06,2025-04-07,-10.0,50,,1064.7,,,,,,,,1064.7,,div_0556003793,party_0309653914,div_2058489418
Jotun Abu Dhabi L.L.C.(AP-J0016),AP-J0016,LPI20,2500452,2025-02-06,2025-04-07,-10.0,50,,15645.0,,,,,,,,15645.0,,div_0556003793,party_0309653914,div_2058489418
Jotun Abu Dhabi L.L.C.(AP-J0016),AP-J0016,LPI20,2500453,2025-02-06,2025-04-07,-10.0,50,,6930.0,,,,,,,,6930.0,,div_0556003793,party_0309653914,div_2058489418
Jotun Abu Dhabi L.L.C.(AP-J0016),AP-J0016,LPI20,2500454,2025-02-08,2025-04-09,-12.0,48,,10584.0,,,,,,,,10584.0,,div_0556003793,party_0309653914,div_2058489418
Jotun Abu Dhabi L.L.C.(AP-J0016),AP-J0016,LPI20,2500455,2025-02-08,2025-04-09,-12.0,48,,12236.7,,,,,,,,12236.7,,div_0556003793,party_0309653914,div_2058489418
Jotun Abu Dhabi L.L.C.(AP-J0016),AP-J0016,LPI20,2500456,2025-02-01,2025-04-02,-5.0,55,,655.2,,,,,,,,655.2,,div_0556003793,party_0309653914,div_2058489418
Asia Paint Exhibition Building Material L.L.C.(AP-A0438),AP-A0438,LPI20,2500459,2025-02-18,2025-03-05,23.0,38,,220.5,,,,,,,,220.5,,div_0556003793,party_1677101084,div_2058489418
Jotun Abu Dhabi (L.L.C)- P C(AP-J0015),AP-J0015,LPI20,2500461,2025-02-24,2025-04-25,-28.0,32,4567.5,,,,,,,,,4567.5,,div_0556003793,party_1087986705,div_2058489418
Jotun Abu Dhabi L.L.C.(AP-J0016),AP-J0016,LPI20,2500462,2025-02-24,2025-04-25,-28.0,32,2772.0,,,,,,,,,2772.0,,div_0556003793,party_0309653914,div_2058489418
Jotun Abu Dhabi L.L.C.(AP-J0016),AP-J0016,LPI20,2500463,2025-02-25,2025-04-26,-29.0,31,5544.0,,,,,,,,,5544.0,,div_0556003793,party_0309653914,div_2058489418
Jotun Abu Dhabi (L.L.C)- P C(AP-J0015),AP-J0015,LPI20,2500464,2025-02-03,2025-04-04,-7.0,53,,6103.64,,,,,,,,6103.64,,div_0556003793,party_1087986705,div_2058489418
Jotun Abu Dhabi (L.L.C)- P C(AP-J0015),AP-J0015,LPI20,2500465,2025-02-25,2025-04-26,-29.0,31,5000.94,,,,,,,,,5000.94,,div_0556003793,party_1087986705,div_2058489418
Jotun Abu Dhabi L.L.C.(AP-J0016),AP-J0016,LPI20,2500466,2025-02-27,2025-04-28,-31.0,29,49231.35,,,,,,,,,49231.35,,div_0556003793,party_0309653914,div_2058489418
Jotun Abu Dhabi L.L.C.(AP-J0016),AP-J0016,LPI20,2500467,2025-02-07,2025-04-08,-11.0,49,,144510.45,,,,,,,,144510.45,,div_0556003793,party_0309653914,div_2058489418
Asia Paint Exhibition Building Material L.L.C.(AP-A0438),AP-A0438,LPI20,2500471,2025-02-23,2025-03-10,18.0,33,378.0,,,,,,,,,378.0,,div_0556003793,party_1677101084,div_2058489418
Asia Paint Exhibition Building Material L.L.C.(AP-A0438),AP-A0438,LPI20,2500472,2025-02-24,2025-03-11,17.0,32,1719.9,,,,,,,,,1719.9,,div_0556003793,party_1677101084,div_2058489418
Asia Paint Exhibition Building Material L.L.C.(AP-A0438),AP-A0438,LPI20,2500473,2025-02-25,2025-03-12,16.0,31,210.0,,,,,,,,,210.0,,div_0556003793,party_1677101084,div_2058489418
Asia Paint Exhibition Building Material L.L.C.(AP-A0438),AP-A0438,LPI20,2500474,2025-02-27,2025-03-14,14.0,29,609.0,,,,,,,,,609.0,,div_0556003793,party_1677101084,div_2058489418
Asia Paint Exhibition Building Material L.L.C.(AP-A0438),AP-A0438,LPI20,2500475,2025-03-01,2025-03-16,12.0,27,1554.0,,,,,,,,,1554.0,,div_0556003793,party_1677101084,div_2058489418
Jotun Abu Dhabi L.L.C.(AP-J0016),AP-J0016,LPI20,2500477,2025-02-18,2025-04-19,-22.0,38,,12684.0,,,,,,,,12684.0,,div_0556003793,party_0309653914,div_2058489418
Jotun Abu Dhabi L.L.C.(AP-J0016),AP-J0016,LPI20,2500478,2025-02-12,2025-04-13,-16.0,44,,10676.4,,,,,,,,10676.4,,div_0556003793,party_0309653914,div_2058489418
Terraco Uae Ltd.Co. Llc(AP-T0027),AP-T0027,LPI20,2500479,2025-02-07,2025-06-07,-71.0,49,,4173.75,,,,,,,,4173.75,,div_0556003793,party_1041635336,div_2058489418
Terraco Uae Ltd.Co. Llc(AP-T0027),AP-T0027,LPI20,2500480,2025-02-05,2025-06-05,-69.0,51,,2646.0,,,,,,,,2646.0,,div_0556003793,party_1041635336,div_2058489418
Abdul Raouf Abdul Azeez Tr. Co. LLC(AP-A0487),AP-A0487,LPI20,2500481,2025-02-03,2025-02-03,53.0,53,,226.8,,,,,,,,226.8,,div_0556003793,party_0297746549,div_2058489418
Best Choice Trading Llc(AP-B0025),AP-B0025,LPI20,2500482,2025-02-01,2025-06-01,-65.0,55,,420.0,,,,,,,,420.0,,div_0556003793,party_0546289141,div_2058489418
Al Nahda International Chemicals Co. (L.L.C)(AP-A0260),AP-A0260,LPI20,2500483,2025-02-04,2025-06-04,-68.0,52,,3654.0,,,,,,,,3654.0,,div_0556003793,party_1010865889,div_2058489418
Jotun Abu Dhabi L.L.C.(AP-J0016),AP-J0016,LPI20,2500484,2025-03-01,2025-04-30,-33.0,27,16665.6,,,,,,,,,16665.6,,div_0556003793,party_0309653914,div_2058489418
Jotun Abu Dhabi L.L.C.(AP-J0016),AP-J0016,LPI20,2500485,2025-03-01,2025-04-30,-33.0,27,8337.0,,,,,,,,,8337.0,,div_0556003793,party_0309653914,div_2058489418
Jotun Abu Dhabi L.L.C.(AP-J0016),AP-J0016,LPI20,2500486,2025-03-01,2025-04-30,-33.0,27,1694.7,,,,,,,,,1694.7,,div_0556003793,party_0309653914,div_2058489418
Terraco Uae Ltd.Co. Llc(AP-T0027),AP-T0027,LPI20,2500487,2025-02-24,2025-06-24,-88.0,32,1444.8,,,,,,,,,1444.8,,div_0556003793,party_1041635336,div_2058489418
Terraco Uae Ltd.Co. Llc(AP-T0027),AP-T0027,LPI20,2500488,2025-02-20,2025-06-20,-84.0,36,7899.94,,,,,,,,,7899.94,,div_0556003793,party_1041635336,div_2058489418
Emirates National Chemical Industries Llc(AP-E0030),AP-E0030,LPI20,2500489,2025-02-24,2025-02-24,32.0,32,2835.0,,,,,,,,,2835.0,,div_0556003793,party_0162018466,div_2058489418
National Paints Factories Co.Ltd(AP-N0019),AP-N0019,LPI20,2500495,2025-03-04,2025-07-02,-96.0,24,2100.0,,,,,,,,,2100.0,,div_0556003793,party_1187845058,div_2058489418
Jotech Paints Llc	(AP-J0014),AP-J0014,LPI20,2500504,2025-02-21,2025-02-21,35.0,35,17325.0,,,,,,,,,17325.0,,div_0556003793,party_1012019747,div_2058489418
Jotun Abu Dhabi (L.L.C)- P C(AP-J0015),AP-J0015,LPI20,2500505,2025-03-03,2025-05-02,-35.0,25,16632.0,,,,,,,,,16632.0,,div_0556003793,party_1087986705,div_2058489418
Jotun Abu Dhabi L.L.C.(AP-J0016),AP-J0016,LPI20,2500506,2025-03-01,2025-04-30,-33.0,27,16931.25,,,,,,,,,16931.25,,div_0556003793,party_0309653914,div_2058489418
Jotun Abu Dhabi (L.L.C)- P C(AP-J0015),AP-J0015,LPI20,2500507,2025-03-01,2025-04-30,-33.0,27,47696.25,,,,,,,,,47696.25,,div_0556003793,party_1087986705,div_2058489418
Jotun Abu Dhabi (L.L.C)- P C(AP-J0015),AP-J0015,LPI20,2500508,2025-03-03,2025-05-02,-35.0,25,15702.75,,,,,,,,,15702.75,,div_0556003793,party_1087986705,div_2058489418
Jotun Abu Dhabi (L.L.C)- P C(AP-J0015),AP-J0015,LPI20,2500509,2025-03-03,2025-05-02,-35.0,25,78717.02,,,,,,,,,78717.02,,div_0556003793,party_1087986705,div_2058489418
Jotun Abu Dhabi (L.L.C)- P C(AP-J0015),AP-J0015,LPI20,2500511,2025-03-03,2025-05-02,-35.0,25,22310.45,,,,,,,,,22310.45,,div_0556003793,party_1087986705,div_2058489418
Jotun Abu Dhabi (L.L.C)- P C(AP-J0015),AP-J0015,LPI20,2500512,2025-03-03,2025-05-02,-35.0,25,4788.0,,,,,,,,,4788.0,,div_0556003793,party_1087986705,div_2058489418
Jotun Abu Dhabi (L.L.C)- P C(AP-J0015),AP-J0015,LPI20,2500513,2025-03-04,2025-05-03,-36.0,24,2394.0,,,,,,,,,2394.0,,div_0556003793,party_1087986705,div_2058489418
Jotun Abu Dhabi (L.L.C)- P C(AP-J0015),AP-J0015,LPI20,2500514,2025-03-04,2025-05-03,-36.0,24,18285.63,,,,,,,,,18285.63,,div_0556003793,party_1087986705,div_2058489418
Jotun Abu Dhabi (L.L.C)- P C(AP-J0015),AP-J0015,LPI20,2500515,2025-03-03,2025-05-02,-35.0,25,15498.0,,,,,,,,,15498.0,,div_0556003793,party_1087986705,div_2058489418
Jotun Abu Dhabi (L.L.C)- P C(AP-J0015),AP-J0015,LPI20,2500516,2025-03-04,2025-05-03,-36.0,24,10332.0,,,,,,,,,10332.0,,div_0556003793,party_1087986705,div_2058489418
Jotun Abu Dhabi (L.L.C)- P C(AP-J0015),AP-J0015,LPI20,2500517,2025-03-04,2025-05-03,-36.0,24,13146.0,,,,,,,,,13146.0,,div_0556003793,party_1087986705,div_2058489418
Jotun Abu Dhabi (L.L.C)- P C(AP-J0015),AP-J0015,LPI20,2500518,2025-03-03,2025-05-02,-35.0,25,11986.8,,,,,,,,,11986.8,,div_0556003793,party_1087986705,div_2058489418
Jotun Abu Dhabi (L.L.C)- P C(AP-J0015),AP-J0015,LPI20,2500519,2025-03-03,2025-05-02,-35.0,25,100185.34,,,,,,,,,100185.34,,div_0556003793,party_1087986705,div_2058489418
Jotun Abu Dhabi (L.L.C)- P C(AP-J0015),AP-J0015,LPI20,2500520,2025-03-05,2025-05-04,-37.0,23,20120.63,,,,,,,,,20120.63,,div_0556003793,party_1087986705,div_2058489418
Jotun Abu Dhabi (L.L.C)- P C(AP-J0015),AP-J0015,LPI20,2500521,2025-03-05,2025-05-04,-37.0,23,2493.86,,,,,,,,,2493.86,,div_0556003793,party_1087986705,div_2058489418
Jotun Abu Dhabi (L.L.C)- P C(AP-J0015),AP-J0015,LPI20,2500523,2025-03-03,2025-05-02,-35.0,25,14811.76,,,,,,,,,14811.76,,div_0556003793,party_1087986705,div_2058489418
Jotun Abu Dhabi (L.L.C)- P C(AP-J0015),AP-J0015,LPI20,2500524,2025-03-03,2025-05-02,-35.0,25,20081.25,,,,,,,,,20081.25,,div_0556003793,party_1087986705,div_2058489418
Jotun Abu Dhabi (L.L.C)- P C(AP-J0015),AP-J0015,LPI20,2500525,2025-03-01,2025-04-30,-33.0,27,5103.0,,,,,,,,,5103.0,,div_0556003793,party_1087986705,div_2058489418
Jotun Abu Dhabi (L.L.C)- P C(AP-J0015),AP-J0015,LPI20,2500526,2025-03-01,2025-04-30,-33.0,27,11198.25,,,,,,,,,11198.25,,div_0556003793,party_1087986705,div_2058489418
Jotun Abu Dhabi (L.L.C)- P C(AP-J0015),AP-J0015,LPI20,2500527,2025-03-01,2025-04-30,-33.0,27,4620.0,,,,,,,,,4620.0,,div_0556003793,party_1087986705,div_2058489418
Jotun Abu Dhabi (L.L.C)- P C(AP-J0015),AP-J0015,LPI20,2500528,2025-03-06,2025-05-05,-38.0,22,545.98,,,,,,,,,545.98,,div_0556003793,party_1087986705,div_2058489418
Jotun Abu Dhabi (L.L.C)- P C(AP-J0015),AP-J0015,LPI20,2500529,2025-03-06,2025-05-05,-38.0,22,5896.8,,,,,,,,,5896.8,,div_0556003793,party_1087986705,div_2058489418
Jotun Abu Dhabi (L.L.C)- P C(AP-J0015),AP-J0015,LPI20,2500530,2025-03-06,2025-05-05,-38.0,22,6457.5,,,,,,,,,6457.5,,div_0556003793,party_1087986705,div_2058489418
Jotun Abu Dhabi (L.L.C)- P C(AP-J0015),AP-J0015,LPI20,2500531,2025-03-06,2025-05-05,-38.0,22,17608.5,,,,,,,,,17608.5,,div_0556003793,party_1087986705,div_2058489418
Jotun Abu Dhabi (L.L.C)- P C(AP-J0015),AP-J0015,LPI20,2500532,2025-03-05,2025-05-04,-37.0,23,22207.5,,,,,,,,,22207.5,,div_0556003793,party_1087986705,div_2058489418
Jotun Abu Dhabi (L.L.C)- P C(AP-J0015),AP-J0015,LPI20,2500533,2025-03-05,2025-05-04,-37.0,23,16140.6,,,,,,,,,16140.6,,div_0556003793,party_1087986705,div_2058489418
Jotun Abu Dhabi (L.L.C)- P C(AP-J0015),AP-J0015,LPI20,2500534,2025-03-08,2025-05-07,-40.0,20,2268.0,,,,,,,,,2268.0,,div_0556003793,party_1087986705,div_2058489418
Jotun Abu Dhabi (L.L.C)- P C(AP-J0015),AP-J0015,LPI20,2500535,2025-03-04,2025-05-03,-36.0,24,52276.58,,,,,,,,,52276.58,,div_0556003793,party_1087986705,div_2058489418
Probus Axis Building Materials Trading LLC (Branch)(AP-P0070),AP-P0070,LPI20,2500537,2025-03-12,2025-03-12,16.0,16,1071.0,,,,,,,,,1071.0,,div_0556003793,party_0461628684,div_2058489418
Probus Axis Building Materials Trading LLC (Branch)(AP-P0070),AP-P0070,LPI20,2500538,2025-03-12,2025-03-12,16.0,16,10815.0,,,,,,,,,10815.0,,div_0556003793,party_0461628684,div_2058489418
Jotun Abu Dhabi L.L.C.(AP-J0016),AP-J0016,LPI20,2500539,2025-03-03,2025-05-02,-35.0,25,2026.5,,,,,,,,,2026.5,,div_0556003793,party_0309653914,div_2058489418
Jotun Abu Dhabi L.L.C.(AP-J0016),AP-J0016,LPI20,2500540,2025-03-03,2025-05-02,-35.0,25,11088.0,,,,,,,,,11088.0,,div_0556003793,party_0309653914,div_2058489418
Jotun Abu Dhabi L.L.C.(AP-J0016),AP-J0016,LPI20,2500541,2025-03-03,2025-05-02,-35.0,25,4504.5,,,,,,,,,4504.5,,div_0556003793,party_0309653914,div_2058489418
Jotun Abu Dhabi L.L.C.(AP-J0016),AP-J0016,LPI20,2500542,2025-03-03,2025-05-02,-35.0,25,22291.5,,,,,,,,,22291.5,,div_0556003793,party_0309653914,div_2058489418
Asia Paint Exhibition Building Material L.L.C.(AP-A0438),AP-A0438,LPI20,2500547,2025-03-06,2025-03-21,7.0,22,866.25,,,,,,,,,866.25,,div_0556003793,party_1677101084,div_2058489418
Asia Paint Exhibition Building Material L.L.C.(AP-A0438),AP-A0438,LPI20,2500548,2025-03-11,2025-03-26,2.0,17,1497.3,,,,,,,,,1497.3,,div_0556003793,party_1677101084,div_2058489418
Asia Paint Exhibition Building Material L.L.C.(AP-A0438),AP-A0438,LPI20,2500549,2025-03-12,2025-03-27,1.0,16,1704.15,,,,,,,,,1704.15,,div_0556003793,party_1677101084,div_2058489418
Jotun Abu Dhabi L.L.C.(AP-J0016),AP-J0016,LPI20,2500550,2025-02-06,2025-04-07,-10.0,50,,7973.6,,,,,,,,7973.6,,div_0556003793,party_0309653914,div_2058489418
Jotun Abu Dhabi L.L.C.(AP-J0016),AP-J0016,LPI20,2500551,2025-02-06,2025-04-07,-10.0,50,,28560.0,,,,,,,,28560.0,,div_0556003793,party_0309653914,div_2058489418
Jotun Abu Dhabi L.L.C.(AP-J0016),AP-J0016,LPI20,2500552,2025-02-04,2025-04-05,-8.0,52,,15556.28,,,,,,,,15556.28,,div_0556003793,party_0309653914,div_2058489418
Jotun Abu Dhabi L.L.C.(AP-J0016),AP-J0016,LPI20,2500553,2025-02-04,2025-04-05,-8.0,52,,25820.03,,,,,,,,25820.03,,div_0556003793,party_0309653914,div_2058489418
Jotun Abu Dhabi L.L.C.(AP-J0016),AP-J0016,LPI20,2500554,2025-02-03,2025-04-04,-7.0,53,,43139.88,,,,,,,,43139.88,,div_0556003793,party_0309653914,div_2058489418
Jotun Abu Dhabi L.L.C.(AP-J0016),AP-J0016,LPI20,2500555,2025-02-01,2025-04-02,-5.0,55,,56629.14,,,,,,,,56629.14,,div_0556003793,party_0309653914,div_2058489418
Jotun Abu Dhabi L.L.C.(AP-J0016),AP-J0016,LPI20,2500556,2025-02-01,2025-04-02,-5.0,55,,38332.88,,,,,,,,38332.88,,div_0556003793,party_0309653914,div_2058489418
Jotun Abu Dhabi L.L.C.(AP-J0016),AP-J0016,LPI20,2500558,2025-02-26,2025-04-27,-30.0,30,11718.0,,,,,,,,,11718.0,,div_0556003793,party_0309653914,div_2058489418
Jotun Abu Dhabi L.L.C.(AP-J0016),AP-J0016,LPI20,2500559,2025-02-21,2025-04-22,-25.0,35,6300.0,,,,,,,,,6300.0,,div_0556003793,party_0309653914,div_2058489418
